No,CompleteTime,OnlineYear,PlatformYear,Tool0,Tool1,Tool2,Tool3,Personality,Flow1,Flow2,Flow3,Flow4,Flow5,Flow6,Environment,Time1,Time2,Time3,Time4,Time5,Time6,Time7,Time8,Time9,Time10,Time11,Time12,FrequencyPost,FrequencyRead,NR1,NR2,NR3,ITR1,ITR2,ITR3,KSSE1,KSSE2,KSSE3,PRA1,PRA2,PRA3,PC1,PC2,PC3,PC4,KU1,KU2,KU3,CP1,CP2,CP3,CP4,INV1,INV2,INV3,INV4,ENG1,ENG2,ENG3,PRN1,PRN2,PRN3,PRN4,KCI1,KCI2,KCI3,CCC1,CCC2,CCC3,PAE1,PAE2,PAE3,PAE4,PAE5,PAE6,PAE7,PAE8,PAE9,NAE1,NAE2,NAE3,NAE4,NAE5,NAE6,NAE7,NAE8,NAE9,NAE10,NAE11,NAE12,DES1,DES2,ATT1,ATT2,ATT3,ATT4,Gender,Age,Education,Job,JobTime,Total
2,175,6,5,1,0,0,0,1,0,0,0,1,0,0,2,0,1,0,0,0,0,0,1,1,0,0,0,2,7,6,6,6,5,3,4,4,5,3,7,7,6,5,3,5,6,7,7,7,7,2,7,7,7,7,7,7,7,7,7,7,7,7,7,6,7,7,6,7,7,7,7,7,6,7,6,7,7,7,7,7,7,7,7,7,7,7,7,7,7,7,7,7,7,7,7,7,1,1992,5,5,1,429
3,723,5,5,1,0,0,0,4,0,0,0,1,0,0,3,0,0,0,1,0,0,0,0,1,0,0,0,3,7,2,6,5,4,2,2,4,3,5,6,5,5,5,4,4,5,5,2,5,3,3,5,4,5,4,5,4,5,5,4,4,4,5,4,5,6,5,5,5,3,5,5,5,5,4,4,5,5,5,3,3,3,3,3,4,1,3,2,2,4,2,4,4,5,5,5,4,1,1993,5,2,1,275
4,515,5,1,1,0,1,0,3,1,0,0,1,0,0,2,1,0,0,1,0,0,0,0,1,0,0,0,3,7,7,7,7,6,7,5,4,4,4,7,6,5,5,7,7,5,7,5,7,6,2,6,6,7,7,7,7,7,5,5,7,4,5,7,7,7,7,7,7,7,6,7,5,6,7,5,5,5,7,3,4,2,5,6,5,2,4,2,3,1,1,7,7,7,7,7,7,1,1992,5,2,1,375
5,267,5,5,1,0,0,0,4,0,0,0,1,0,0,1,1,0,0,0,0,0,0,0,1,0,0,0,4,7,7,5,6,7,4,5,3,3,4,6,6,3,6,6,6,6,4,3,4,6,2,3,3,6,5,6,5,7,5,5,4,4,5,4,6,5,5,6,6,5,5,6,6,6,5,4,5,4,6,1,2,1,3,1,4,1,3,1,4,2,2,6,6,5,6,6,5,2,1994,5,2,1,303
6,437,5,5,0,0,1,0,3,0,0,0,1,0,0,1,0,0,1,0,1,1,1,1,0,0,0,0,1,5,6,6,6,5,5,4,5,5,6,6,6,6,6,6,5,6,7,7,7,6,5,6,6,7,6,6,6,6,6,6,6,7,7,7,6,6,6,5,5,6,5,5,6,6,5,5,5,6,6,3,3,3,5,3,4,3,5,3,3,5,5,6,6,5,5,6,5,2,1994,5,2,1,364
7,147,5,5,1,0,0,0,4,0,0,1,0,0,0,3,1,0,0,1,0,0,0,0,0,0,0,0,1,1,1,1,1,1,1,1,1,1,1,1,1,1,1,1,1,1,1,1,1,1,1,1,1,1,1,1,1,1,1,1,1,1,1,1,1,1,1,1,1,1,1,1,1,1,1,1,1,1,1,1,1,1,1,1,1,1,1,1,1,1,1,1,1,1,1,1,1,1,1992,5,2,1,67
8,1029,5,5,1,0,1,0,1,0,0,0,1,0,0,2,1,1,0,0,0,0,0,1,1,0,0,0,2,6,7,4,4,3,3,3,6,5,6,6,6,6,4,4,4,4,5,5,5,5,4,4,4,4,4,6,4,4,4,4,6,6,6,6,4,4,4,4,4,4,5,5,5,5,5,5,5,5,5,2,2,2,2,2,2,2,2,2,2,2,2,4,4,5,5,5,5,1,1992,5,2,1,282
9,576,4,3,1,0,1,0,4,0,1,0,1,1,0,2,0,0,1,0,1,0,0,0,0,0,0,0,2,3,4,4,4,4,4,4,6,5,7,6,6,5,5,7,5,5,7,5,7,7,3,7,5,2,2,5,2,2,4,4,6,4,4,3,4,5,5,1,2,3,4,6,4,4,6,4,6,5,6,1,1,1,1,1,1,1,1,1,1,1,1,2,1,7,6,2,7,1,1994,5,2,1,262
10,210,5,2,1,1,1,0,4,0,0,0,1,0,0,1,0,0,0,0,0,0,1,1,1,0,0,0,1,1,4,4,4,4,4,4,4,4,4,4,4,4,4,4,4,4,4,4,4,4,4,4,4,4,4,4,4,4,4,4,4,4,5,4,4,4,4,3,3,3,4,4,4,4,4,4,4,3,4,4,4,4,4,4,4,4,4,4,4,4,4,4,4,4,4,4,4,1,1994,5,2,1,265
11,446,6,6,1,0,1,0,5,0,0,0,1,0,0,3,0,0,0,0,0,0,0,1,1,0,0,0,7,7,5,5,5,3,3,3,4,3,4,5,6,5,5,5,5,4,6,6,5,5,2,5,2,5,5,5,3,5,4,3,4,4,5,4,5,5,5,7,7,7,6,7,6,6,7,6,6,6,6,2,3,2,2,2,3,2,2,2,3,2,2,7,5,6,6,6,6,2,1995,5,2,1,303
12,3696,5,5,1,0,0,0,4,0,0,0,1,0,0,3,0,0,0,1,0,0,0,1,1,1,0,0,4,7,3,5,3,3,2,2,2,2,2,6,6,5,3,3,3,3,3,5,4,3,3,3,3,3,3,4,3,3,3,3,3,3,3,3,4,3,3,3,3,4,3,5,4,5,5,5,5,4,5,1,2,1,1,1,1,1,1,2,1,2,1,2,4,1,1,1,1,2,1995,5,2,1,197
13,316,5,3,0,0,1,0,3,1,0,0,0,0,0,2,0,0,0,0,0,1,0,0,0,0,1,0,4,2,5,4,5,5,3,5,4,5,3,5,3,5,5,5,5,5,5,5,4,6,6,5,5,5,4,5,5,6,6,6,5,5,6,6,6,5,4,5,5,5,5,5,5,5,6,6,6,6,7,1,1,1,1,1,6,3,4,4,2,3,4,1,1,4,4,4,4,2,1990,6,2,1,297
14,397,4,4,1,0,1,0,4,0,0,1,1,0,0,2,0,1,0,1,0,0,1,0,0,0,0,0,2,6,6,6,6,5,6,5,5,5,5,5,5,5,6,6,6,6,5,5,5,5,4,5,5,5,4,6,5,5,4,5,5,5,5,5,5,5,4,5,5,5,5,5,5,5,5,5,5,5,5,4,4,3,3,2,3,2,3,3,3,3,2,4,4,5,5,5,5,1,1993,5,9,1,313
15,458,5,4,1,0,0,0,4,0,1,0,0,0,0,2,0,0,0,1,0,0,0,0,1,0,0,0,7,7,4,4,4,7,4,4,3,2,2,5,5,5,4,4,4,4,3,2,4,1,1,1,1,4,3,5,2,4,4,4,5,5,5,5,4,4,4,4,4,4,4,6,7,7,6,7,7,7,7,4,5,5,5,4,4,4,4,5,5,5,4,5,5,5,5,5,5,2,1995,5,2,1,290
16,385,5,2,0,0,1,0,3,0,0,0,0,1,0,3,0,0,0,1,0,0,0,0,0,0,0,0,2,2,2,2,2,2,2,1,6,5,7,5,5,3,3,2,4,4,2,5,3,2,4,4,5,2,1,4,1,4,4,5,2,3,2,2,2,3,3,2,2,1,4,4,5,4,3,2,2,4,3,2,1,1,1,1,1,1,1,1,1,2,1,2,3,3,4,4,5,2,1992,6,2,1,189
17,281,5,6,1,1,1,0,4,0,0,1,1,0,0,2,0,0,0,1,0,0,0,0,1,0,0,0,7,7,6,6,6,5,5,5,6,6,6,6,6,6,6,6,6,6,5,6,6,4,4,5,5,5,5,6,6,6,5,6,5,5,6,5,6,6,5,6,5,6,6,6,6,6,6,4,6,5,6,3,3,4,3,3,3,4,3,4,3,3,3,5,6,5,6,6,5,2,1996,5,2,1,345
18,483,5,6,1,1,1,0,4,0,0,0,1,1,0,1,0,0,0,0,0,0,0,0,1,0,0,0,1,2,6,6,5,6,4,4,5,4,5,5,5,6,5,6,4,5,6,6,6,4,4,4,3,5,4,5,4,5,4,4,5,6,6,6,4,4,4,5,5,5,4,5,5,6,6,6,6,6,6,4,4,3,4,3,3,3,3,4,3,4,4,3,4,5,5,5,4,1,1993,5,2,1,313
19,1020,5,3,1,0,1,0,4,1,0,0,1,1,0,3,0,0,0,0,0,0,0,0,1,0,0,0,2,1,5,4,5,4,3,4,5,5,5,5,4,4,5,6,5,5,5,4,5,3,4,4,3,4,3,4,3,2,2,4,4,4,5,4,5,4,5,5,4,3,3,4,3,4,3,5,4,4,5,2,2,2,2,2,2,2,2,2,2,2,2,3,4,4,5,5,4,1,1993,5,2,1,251
20,242,4,2,1,0,0,0,1,0,1,0,1,0,0,2,0,0,1,0,0,0,0,0,0,0,0,0,2,1,5,5,6,3,2,4,4,5,5,5,4,5,5,5,5,5,5,5,4,5,4,4,4,5,4,5,4,4,3,5,5,4,5,5,5,5,5,5,5,4,5,5,4,5,5,5,5,5,5,5,4,4,4,3,5,4,5,4,4,5,5,4,4,4,4,5,5,1,1992,5,2,1,304
21,513,6,3,1,1,0,0,4,0,0,0,1,0,0,1,0,0,1,1,1,1,1,1,1,0,0,0,7,7,7,7,6,5,2,2,5,4,5,7,5,6,4,4,5,4,5,4,2,3,3,5,4,4,4,5,4,5,3,2,2,3,3,4,4,4,4,3,3,4,5,7,4,6,4,4,4,4,6,1,1,1,1,1,1,1,1,1,1,1,1,3,3,5,5,5,6,2,1992,6,2,1,248
22,459,4,4,1,0,1,0,5,1,0,0,1,0,0,2,0,0,0,0,0,0,0,0,1,0,0,0,1,1,3,4,6,7,6,4,7,5,5,7,6,5,7,5,5,5,7,5,5,3,3,3,3,4,4,5,6,6,5,5,7,7,7,7,4,4,4,5,5,6,4,6,5,4,6,7,5,6,6,3,3,3,2,2,3,1,2,2,1,1,2,4,5,5,6,6,4,1,1993,5,2,1,311
23,415,5,1,1,0,1,0,5,0,1,0,1,0,0,2,0,0,0,0,0,0,1,0,0,0,0,0,1,2,4,4,4,4,4,4,1,1,1,1,1,1,1,1,1,1,1,1,1,1,1,1,1,1,1,1,1,1,1,1,1,1,1,1,1,1,1,4,4,4,1,1,1,1,1,1,1,1,1,1,1,1,1,1,1,1,1,1,1,1,1,1,1,4,4,4,4,1,1993,5,2,1,106
24,334,5,5,1,0,1,0,4,1,1,1,1,1,0,1,0,0,0,0,0,1,1,1,1,0,0,0,3,2,5,5,5,5,4,4,5,4,4,4,4,4,4,4,4,4,4,4,4,4,4,4,4,4,4,4,4,4,4,4,4,4,4,4,4,4,4,4,4,4,4,4,4,4,4,4,4,4,4,4,4,4,4,4,4,4,4,4,4,4,4,4,4,4,4,4,4,1,1992,5,2,1,273
25,330,5,3,1,1,1,0,4,0,1,0,1,1,0,2,1,0,0,1,0,0,0,0,1,0,0,0,1,7,5,4,5,4,4,4,5,4,5,5,6,6,6,6,5,6,6,6,6,5,5,4,2,6,4,4,4,6,5,6,4,4,4,3,3,5,4,4,5,6,5,6,5,4,5,6,4,5,6,1,1,1,1,1,3,1,1,1,1,1,1,4,4,6,7,4,5,1,1993,5,2,1,281
26,701,4,5,1,0,1,0,4,0,1,1,1,1,0,3,1,0,0,0,0,0,0,0,1,0,0,0,4,6,7,7,7,5,4,3,5,4,6,6,6,6,5,5,3,5,5,6,6,3,3,6,7,6,4,5,4,5,4,4,6,5,6,7,6,5,6,4,4,3,6,6,5,6,3,6,4,4,6,2,2,2,3,2,2,2,3,3,3,2,3,6,1,5,5,6,4,2,1992,5,2,1,306
27,589,5,6,1,1,0,0,4,0,0,0,1,0,0,2,0,0,0,0,0,0,0,0,1,0,0,0,3,4,7,7,6,5,3,3,4,3,4,4,5,4,4,5,5,5,4,4,4,4,2,4,2,4,4,5,4,4,4,4,5,6,6,6,7,4,4,5,5,5,7,7,6,7,7,7,7,6,7,1,2,1,1,3,1,1,1,1,1,3,2,7,7,7,7,7,7,2,1993,5,2,1,301
28,418,5,6,0,0,1,0,4,1,0,0,1,0,0,2,0,1,1,1,1,1,1,1,1,0,0,0,7,7,7,7,7,3,3,2,7,7,7,6,6,6,6,6,6,6,6,6,6,6,6,6,6,6,6,6,6,5,5,5,5,6,6,6,6,6,6,6,6,6,6,6,6,6,6,4,4,5,7,7,6,6,6,6,5,4,4,4,7,4,4,4,4,4,4,4,4,2,1994,5,2,1,369
29,186,6,3,0,1,0,0,1,0,1,0,0,0,0,3,0,0,1,0,0,0,0,0,0,0,0,0,3,6,1,2,1,1,3,2,1,1,1,3,3,3,3,3,3,3,3,3,3,3,3,3,1,1,1,1,1,6,6,6,6,6,6,6,6,6,6,6,6,6,6,6,6,6,6,6,6,6,6,6,6,6,6,6,6,6,6,6,6,6,6,6,6,6,6,6,6,1,1993,7,1,6,297
30,485,3,1,1,0,1,0,4,0,0,0,1,1,0,2,0,0,0,0,0,0,0,0,1,0,0,0,1,1,7,7,7,6,4,4,6,6,6,6,6,6,4,5,5,5,5,5,5,5,5,5,4,5,5,5,5,5,5,5,5,5,5,5,4,4,4,4,4,4,5,6,5,6,6,6,6,6,6,2,2,2,2,2,2,1,1,1,1,1,1,5,5,6,6,6,5,2,1993,5,2,1,306
31,381,6,6,1,0,1,0,4,0,1,0,1,0,0,3,0,0,1,0,0,0,0,0,1,0,0,0,2,4,7,7,7,7,7,7,7,7,7,5,6,7,5,4,5,4,7,7,7,5,6,7,6,7,7,7,7,7,7,7,7,7,7,7,7,7,7,7,7,7,7,7,7,7,7,7,7,7,7,1,3,4,5,6,1,1,4,4,4,4,4,4,4,7,7,7,7,1,1994,5,2,1,403
32,605,5,6,1,0,1,0,4,1,1,1,1,1,0,2,0,1,0,1,0,1,0,0,1,0,0,0,2,5,5,7,6,3,2,2,2,2,3,5,3,2,4,4,4,3,2,1,3,2,2,3,3,2,1,2,2,1,1,1,3,3,3,3,2,2,3,6,5,3,4,3,4,4,2,4,3,4,4,1,1,1,1,1,1,1,1,1,1,1,1,1,1,3,3,3,3,1,1992,5,2,1,174
33,439,6,6,1,0,0,0,5,0,1,0,1,0,0,1,1,1,1,1,1,1,1,1,1,1,1,1,1,2,5,5,5,5,5,5,5,5,5,5,5,5,5,5,5,5,5,5,5,5,5,5,5,5,5,5,5,5,5,5,5,5,5,5,5,5,5,5,5,5,5,5,5,5,5,5,5,5,5,5,5,5,5,5,5,5,5,5,5,5,5,5,5,5,5,5,5,1,1994,5,2,1,335
34,230,5,6,1,1,1,0,4,0,1,0,1,0,0,2,0,0,0,0,0,0,1,1,0,0,0,0,2,1,7,7,5,6,6,6,6,5,6,6,6,6,7,6,6,6,7,7,7,2,3,5,4,6,5,6,5,6,6,6,7,7,7,7,6,6,6,7,6,7,6,7,6,7,6,5,5,6,7,6,5,6,6,6,5,5,6,3,2,3,4,4,6,6,5,5,5,1,1993,5,2,1,381
35,331,5,3,0,0,1,0,4,0,0,0,1,1,0,1,0,0,0,0,0,0,0,1,1,0,0,0,1,1,4,4,3,2,2,4,3,3,3,4,5,4,3,5,3,4,3,2,4,5,1,5,4,4,5,5,2,4,5,4,4,3,3,5,4,3,3,5,5,4,4,6,4,3,6,5,6,4,7,1,1,3,1,1,1,1,3,1,2,1,2,2,2,4,4,4,4,2,1995,5,2,1,231
36,353,5,4,1,0,1,0,4,0,0,1,1,0,0,3,0,0,1,0,0,0,0,0,0,0,0,0,1,4,6,6,6,6,4,3,3,3,3,3,3,3,3,3,4,5,7,6,5,1,2,4,2,1,1,3,2,1,1,1,3,3,4,4,1,2,3,3,1,1,7,7,7,7,5,5,7,4,7,1,1,1,1,2,2,2,2,2,2,2,2,1,1,5,4,4,4,1,1993,5,2,1,221
37,323,4,5,1,0,1,0,1,1,0,0,1,0,0,2,0,0,1,0,0,0,0,1,1,0,0,0,6,6,4,3,4,4,4,4,4,4,3,3,4,4,4,4,3,6,4,6,4,4,4,3,5,4,3,5,3,4,5,3,5,4,3,5,4,5,4,4,3,5,5,4,4,4,4,3,3,4,4,1,2,2,1,2,1,2,3,2,2,3,3,3,3,5,5,4,4,2,1992,5,2,1,244
38,269,6,1,1,0,0,0,4,0,1,0,1,0,0,1,0,0,0,0,0,0,1,0,0,0,0,0,1,1,7,7,7,7,7,7,7,7,7,7,7,7,7,7,7,7,7,7,7,7,7,7,7,7,7,7,7,6,6,7,7,7,7,7,7,7,6,6,7,6,6,7,6,7,6,7,7,5,6,6,7,6,6,7,7,7,7,7,7,7,7,7,7,7,7,7,7,1,1994,5,2,1,455
39,446,5,1,1,0,0,0,4,1,0,1,1,0,0,2,0,0,1,0,0,0,0,0,0,0,0,0,2,2,5,6,6,7,2,3,4,4,5,4,4,5,5,5,5,5,5,6,5,5,6,6,5,5,6,6,5,5,7,6,5,6,6,6,5,7,6,5,7,6,1,1,1,1,1,1,1,1,1,1,1,1,1,1,1,1,1,1,1,1,1,5,5,5,6,6,6,2,1993,5,2,1,266
40,343,6,6,1,1,1,0,4,0,0,1,0,0,0,1,0,0,0,0,0,0,0,1,0,0,0,0,1,2,3,2,2,2,2,2,2,2,2,2,3,2,2,2,1,1,1,2,2,1,2,2,2,2,2,3,2,2,3,3,2,1,1,2,2,3,2,1,2,1,1,2,2,1,2,2,3,2,3,3,3,3,2,2,4,3,3,3,4,3,3,2,2,2,2,1,2,1,1981,5,9,6,143
41,516,6,4,1,0,1,0,4,0,1,0,1,0,0,3,0,0,1,1,0,0,0,0,1,1,0,0,3,7,7,4,6,6,3,5,7,5,7,7,7,7,6,7,5,7,6,7,7,5,6,2,2,7,5,6,2,7,7,7,4,6,6,3,5,7,7,7,7,7,4,6,6,6,6,7,4,7,6,2,2,2,2,2,2,1,3,1,1,5,2,6,6,5,5,6,4,1,1993,5,2,1,340
42,532,5,1,1,0,1,0,3,0,0,0,1,0,0,3,0,0,1,0,0,0,1,1,0,0,0,0,4,1,6,7,5,6,3,5,5,5,5,7,6,6,6,5,6,5,7,7,7,5,3,4,3,4,5,5,5,6,4,4,6,5,5,6,4,5,5,6,6,5,5,5,6,6,5,3,4,6,5,2,1,1,2,2,1,2,1,1,2,1,2,6,7,6,6,5,5,2,1993,5,2,1,308
43,519,5,5,1,0,0,0,1,1,1,0,1,0,0,2,0,0,0,0,0,0,0,0,1,0,0,0,3,3,4,4,6,5,3,3,5,6,5,4,4,5,4,4,5,4,5,4,5,4,3,4,5,3,3,5,4,5,4,5,4,6,5,5,4,4,4,2,3,4,4,5,5,5,4,3,5,5,7,1,1,1,1,1,1,1,1,1,1,1,1,3,5,4,5,5,6,2,1993,5,2,1,254
44,403,5,4,1,0,0,0,4,0,0,1,1,0,0,2,0,0,0,0,0,0,0,1,0,0,0,0,2,7,5,5,5,5,4,4,4,4,5,5,6,6,4,6,4,3,6,4,6,6,4,5,5,6,5,6,6,5,5,6,4,6,5,5,5,5,4,5,4,4,5,6,5,4,5,5,5,6,5,3,3,4,4,3,4,3,3,4,4,3,4,5,5,5,5,4,5,2,1993,5,2,1,314
45,874,5,4,1,0,0,0,1,0,0,0,1,0,0,1,0,0,0,1,0,0,0,1,0,0,0,0,4,7,7,7,1,7,1,4,7,4,7,7,4,7,4,4,4,4,3,4,5,1,4,5,5,7,7,7,7,7,7,7,7,7,7,7,7,7,7,4,7,7,7,7,7,7,4,7,7,7,7,7,7,7,7,1,7,1,4,4,5,7,1,4,4,4,4,4,5,2,1993,5,2,1,365
46,907,4,4,1,0,1,0,4,1,1,1,1,0,0,4,0,0,0,1,0,0,1,0,1,0,0,0,2,7,6,5,6,7,7,7,5,5,5,7,6,6,5,6,7,7,6,6,7,7,6,6,7,6,7,7,7,7,5,4,6,6,6,2,7,6,5,6,6,7,6,6,7,7,4,3,6,4,6,2,3,2,3,1,1,1,1,1,1,1,1,4,4,5,5,6,6,2,1994,5,2,3,339
47,1360,4,3,1,0,1,0,5,0,1,0,1,1,0,1,0,0,0,1,0,0,1,0,1,0,0,0,2,2,5,7,7,5,4,5,6,5,6,7,7,7,3,4,3,3,4,5,3,4,3,4,4,3,3,4,3,4,4,4,5,4,4,5,5,4,5,4,6,5,4,4,4,5,3,4,4,4,4,1,2,1,1,1,3,1,1,1,1,3,1,5,4,4,4,4,3,2,1993,5,2,1,260
48,666,4,4,1,0,1,0,4,0,1,0,1,1,0,1,0,1,0,0,0,0,0,1,0,0,0,0,1,2,7,7,6,7,7,7,7,4,5,7,7,7,5,6,4,5,5,5,6,5,3,4,4,5,5,5,5,6,6,6,7,6,6,7,6,7,7,5,5,5,5,5,5,5,5,3,4,5,5,1,3,3,4,1,1,1,2,1,2,1,1,5,5,1,1,1,1,1,1990,4,9,2,306
49,178,6,4,1,0,1,0,1,0,0,1,1,0,0,3,1,0,0,0,0,0,0,0,1,0,0,0,4,2,6,6,6,6,6,6,6,6,6,6,6,6,6,6,6,6,6,6,6,6,6,6,6,6,6,6,6,6,6,6,6,6,6,6,6,6,6,6,6,6,6,6,6,6,6,6,6,6,6,6,6,6,6,6,6,6,6,6,6,6,6,6,6,6,6,6,6,1,1991,5,2,1,402
50,255,5,4,1,0,0,0,1,0,0,0,1,0,0,2,0,0,0,0,0,0,0,0,1,0,0,0,4,5,5,5,6,5,5,4,5,3,4,5,6,5,5,5,5,5,5,5,5,5,5,5,5,5,5,5,5,5,3,4,4,6,6,6,5,5,5,5,5,5,5,5,5,5,5,5,5,5,5,3,3,5,3,3,4,4,4,4,4,4,4,4,4,4,4,4,4,2,1993,5,2,1,311
51,539,6,6,1,1,1,0,5,0,0,1,1,0,0,3,0,0,0,0,0,0,0,0,1,1,0,0,3,5,7,7,7,7,7,7,7,7,7,7,7,7,7,7,7,7,5,4,4,2,2,2,2,4,4,4,4,4,4,5,2,2,2,2,3,3,3,5,3,5,5,5,5,5,2,2,2,2,5,1,1,1,1,1,1,1,1,1,1,1,1,1,2,4,5,5,4,2,1989,5,5,1,258
52,456,6,4,0,0,1,0,4,0,0,1,1,1,0,1,0,0,0,0,1,0,0,0,0,0,0,0,1,1,6,5,6,7,7,7,4,5,4,6,4,5,5,6,4,4,6,7,5,3,3,2,3,4,3,4,2,4,3,4,6,5,5,3,2,3,3,5,2,3,6,5,5,4,6,5,4,6,4,2,1,1,1,3,3,1,1,1,1,3,1,2,3,5,4,5,5,1,1994,5,2,1,263
53,480,6,4,1,0,0,0,1,0,1,0,1,0,0,2,0,0,0,0,0,0,0,0,1,0,0,0,1,3,5,6,5,5,6,5,6,3,5,6,5,6,6,6,5,6,6,5,6,6,5,6,6,5,4,6,2,5,5,6,6,4,7,5,4,5,5,4,5,6,5,6,5,6,6,1,1,1,1,2,2,4,4,6,1,1,3,1,1,1,1,6,6,5,7,7,7,1,1992,5,2,1,307
54,280,5,5,1,0,1,0,5,0,0,1,1,0,0,1,0,0,0,0,0,0,0,1,0,0,0,0,1,1,6,6,5,7,4,5,5,5,6,6,5,5,4,4,3,2,4,3,2,1,1,1,1,4,1,1,1,1,1,1,1,1,1,1,2,1,1,2,1,1,2,2,2,2,2,2,2,2,2,1,1,1,1,1,1,1,1,1,1,1,1,2,2,6,6,5,4,2,1992,5,2,1,168
55,300,5,1,1,0,1,0,1,0,1,0,1,1,0,1,0,0,0,0,0,0,0,0,1,0,0,0,2,3,5,4,5,3,5,4,7,4,5,6,4,4,4,4,4,4,5,3,5,2,1,1,1,2,1,1,1,3,2,3,1,2,1,2,3,2,3,2,3,3,4,4,5,6,3,3,3,3,6,2,2,2,2,2,3,1,4,1,1,1,3,3,4,5,5,5,4,1,1993,5,2,1,212
56,441,6,1,0,0,1,0,5,0,0,0,1,0,0,1,0,0,0,0,0,0,0,1,1,0,0,0,1,1,7,7,7,6,4,4,6,6,6,6,6,6,6,6,5,5,6,6,6,6,4,4,6,4,4,5,4,4,4,5,4,5,5,4,5,5,5,6,6,6,6,6,6,6,6,6,6,6,6,4,4,4,4,4,4,4,4,4,4,4,4,6,6,6,6,6,6,1,1992,7,8,1,350
57,4104,5,4,1,0,1,0,4,0,1,0,0,1,0,2,0,0,0,1,0,0,0,1,1,0,0,0,2,3,5,4,3,6,6,6,4,4,5,4,5,4,4,3,5,4,5,5,5,5,4,4,5,5,4,4,5,5,5,5,5,5,5,5,4,4,3,4,3,2,4,4,4,3,5,5,4,5,5,5,5,4,5,5,5,4,4,4,4,4,3,4,5,5,4,5,5,1,1993,5,2,1,297
58,220,5,1,1,0,0,0,1,1,0,0,0,0,0,1,0,0,0,0,0,0,0,1,1,0,0,0,1,1,7,7,7,7,7,7,7,7,7,7,7,7,7,7,7,7,7,7,7,7,7,7,7,7,7,7,7,7,7,7,7,7,7,7,7,7,7,7,7,7,7,7,7,7,7,7,7,7,7,7,7,7,7,7,7,7,7,7,7,7,7,7,7,7,7,7,7,2,1992,5,2,1,469
59,188,5,6,1,1,0,0,4,0,0,1,1,0,0,1,0,0,0,0,0,0,0,1,0,0,0,0,1,1,5,5,6,7,6,6,2,3,5,4,5,6,5,5,5,5,2,2,3,1,1,1,1,1,1,1,1,1,1,1,1,5,1,1,1,1,1,1,1,1,1,1,1,1,1,1,1,1,2,3,3,3,2,3,3,3,3,3,3,3,3,1,1,1,1,1,1,2,1992,5,2,1,163
60,306,5,1,1,0,1,0,4,0,1,0,1,0,0,1,0,0,0,0,0,0,0,0,1,1,0,0,1,4,6,4,5,5,6,5,5,4,6,6,4,5,5,5,5,5,6,5,6,5,6,5,5,5,6,5,6,5,6,5,6,5,6,6,6,5,6,6,5,5,6,5,5,5,6,6,5,5,6,6,6,5,5,6,5,6,5,5,5,5,6,5,6,6,6,6,6,1,1988,6,2,1,362
61,1170,5,6,1,0,0,0,1,0,0,0,1,0,0,2,0,1,0,1,0,1,0,0,1,0,0,0,4,2,7,7,7,5,3,7,5,4,6,7,7,7,6,7,5,6,7,7,6,5,4,7,7,7,7,7,6,7,5,6,7,7,7,7,7,7,7,7,7,7,7,7,7,7,7,7,7,7,7,1,1,1,1,1,7,1,1,1,1,7,1,7,7,7,7,7,7,2,1992,5,2,1,383
62,142,3,3,1,0,0,0,2,1,0,0,0,0,0,2,0,0,1,0,0,0,0,0,0,0,0,0,4,4,6,6,6,6,5,5,5,5,5,5,4,5,5,5,5,5,4,6,6,5,6,4,5,4,5,6,4,5,5,5,4,5,5,4,4,5,4,4,5,4,4,4,4,6,5,4,5,4,4,4,5,4,5,5,5,5,5,5,3,4,5,5,5,5,4,5,5,1,1992,5,5,1,321
63,7467,6,6,1,1,1,0,4,0,0,0,1,0,0,2,0,0,0,0,0,0,1,0,1,0,0,0,1,2,7,7,5,7,1,1,4,1,7,7,7,7,7,5,1,7,7,4,7,1,1,1,1,4,4,6,4,4,4,6,7,7,7,4,6,4,7,7,4,5,7,7,7,4,7,7,4,3,6,1,1,1,1,1,1,1,1,1,1,1,1,4,4,5,5,6,7,2,1993,5,2,1,288
64,3522,6,6,1,0,0,0,1,0,1,1,1,0,0,3,0,1,0,0,0,0,0,0,1,0,0,0,3,5,5,4,5,4,5,4,5,4,5,4,5,4,4,5,4,5,4,5,4,4,1,4,5,5,4,3,5,4,5,5,4,4,5,4,4,5,4,4,5,4,4,4,4,4,4,4,4,4,4,4,4,4,4,4,4,4,4,4,4,4,4,4,4,4,4,4,4,2,1990,6,2,1,281
65,183,5,4,1,0,1,0,1,0,1,0,1,1,0,1,0,0,1,0,0,0,0,0,0,0,0,0,2,4,4,5,5,7,6,5,5,4,4,5,5,4,4,5,5,5,2,2,2,2,2,2,2,3,3,3,3,3,3,3,3,3,3,3,3,1,1,3,3,3,6,6,2,2,1,2,1,1,1,1,1,1,5,1,1,1,1,1,2,1,1,3,3,3,3,2,3,2,1993,5,2,1,195
66,432,5,6,0,1,1,0,4,0,0,0,1,1,0,2,0,0,0,0,0,0,0,1,0,0,0,0,4,2,5,4,5,5,3,4,5,4,5,5,5,5,4,5,4,4,4,5,4,5,4,4,4,4,3,5,4,5,3,4,5,5,5,5,6,5,6,5,4,5,5,4,5,5,4,5,4,5,5,5,6,5,4,4,4,4,4,4,3,4,4,4,4,5,4,5,5,1,1992,5,2,1,301
67,665,4,2,1,0,0,0,4,0,0,1,0,0,0,2,0,1,0,0,0,0,0,1,0,0,0,0,2,2,7,5,5,4,2,2,5,4,4,7,7,7,7,7,7,7,7,5,5,6,6,4,4,5,5,5,5,6,6,6,6,6,6,6,6,6,6,5,5,5,6,6,6,6,6,6,6,6,6,4,4,4,4,4,4,4,4,4,4,4,4,6,6,6,6,6,6,1,1992,5,3,1,357
68,564,3,4,1,0,1,0,3,0,0,0,1,0,0,2,0,0,0,0,0,0,0,0,1,0,0,0,1,3,7,6,6,5,5,5,5,5,5,7,6,6,4,5,5,5,6,5,6,5,4,4,4,5,5,6,5,6,5,5,6,5,4,4,6,5,5,5,4,5,6,6,6,6,2,5,6,4,6,2,2,2,1,1,1,1,1,1,3,2,1,4,4,4,4,4,4,2,1994,5,2,1,296
69,230,6,6,1,0,0,0,4,0,1,0,1,0,0,2,0,1,0,0,1,0,0,0,0,0,0,0,1,2,7,7,7,7,7,7,7,7,7,7,7,7,7,7,7,7,7,7,7,7,7,7,7,7,7,7,7,7,7,7,7,7,7,7,7,7,7,7,7,7,7,7,7,7,7,6,6,6,6,1,1,1,1,1,1,1,1,1,1,1,1,7,7,7,7,7,7,2,1986,6,5,4,393
70,305,5,6,1,1,1,0,4,1,0,0,1,0,0,3,0,0,1,1,0,1,0,0,1,1,0,0,3,2,6,4,5,7,4,4,6,6,6,7,7,6,5,4,5,4,6,3,5,4,4,5,4,5,4,4,4,5,5,5,4,4,4,5,4,4,4,4,4,5,3,4,4,5,5,3,3,4,4,1,1,1,1,1,1,1,1,1,1,1,1,4,4,4,4,4,4,2,1993,5,2,1,262
71,299,6,6,1,0,0,0,4,0,0,1,0,0,0,2,0,0,0,0,0,0,0,1,0,0,0,0,2,3,5,5,5,4,3,3,4,5,5,4,4,4,4,4,4,4,5,5,5,3,5,5,5,3,3,4,3,4,4,4,5,5,5,5,5,4,4,3,3,4,5,5,5,5,5,5,5,5,5,3,3,3,3,3,3,1,1,1,1,1,1,4,4,4,4,4,4,2,1993,5,2,1,261
72,288,5,6,1,0,0,0,4,1,0,0,1,0,0,2,0,1,0,0,0,0,0,0,0,0,0,0,5,3,5,5,5,4,4,5,5,5,5,5,4,5,4,5,4,5,4,5,4,4,5,4,5,4,5,4,5,4,5,4,4,5,4,5,5,4,5,4,4,4,5,5,5,5,5,5,5,5,5,5,5,5,5,5,5,5,5,5,5,5,5,5,5,5,5,5,5,1,1991,4,5,3,316
73,628,5,6,1,0,1,0,4,0,0,0,1,0,0,2,0,1,0,0,0,0,0,0,0,0,0,0,2,1,7,7,7,6,3,3,7,7,7,7,7,7,5,5,6,4,7,6,6,4,6,4,4,2,2,4,4,4,6,5,4,4,4,4,4,4,6,3,3,3,1,4,4,4,4,4,4,5,4,2,2,2,2,2,2,2,2,2,2,2,2,6,5,5,6,6,5,1,1991,5,5,1,289
74,228,6,6,0,0,1,0,3,0,0,0,1,0,0,3,0,0,0,0,0,0,0,1,0,0,0,0,1,1,4,4,4,4,4,4,4,4,4,3,6,4,5,3,4,5,4,3,5,4,5,3,7,4,2,5,4,4,6,3,4,3,5,3,4,3,4,4,2,4,4,5,4,4,4,4,5,4,3,4,3,4,5,6,4,3,5,3,4,3,4,3,4,3,4,3,3,2,1993,5,2,1,266
75,345,5,4,1,0,1,0,4,0,0,0,1,0,0,3,0,0,0,0,0,1,1,1,1,0,0,0,7,3,5,5,5,4,2,2,3,3,3,4,4,4,4,4,4,4,3,5,4,5,5,4,2,2,2,4,2,3,3,3,4,4,4,4,3,3,3,3,3,3,4,4,4,4,4,4,4,5,4,2,2,3,2,2,2,2,2,2,2,2,2,3,3,4,3,3,4,1,1994,5,2,3,223
76,343,4,1,0,0,1,0,1,1,0,0,1,0,0,2,0,0,0,0,0,0,0,1,0,0,0,0,2,5,5,4,6,5,6,5,5,6,6,6,4,6,5,6,5,6,5,6,6,5,5,6,6,5,6,6,5,6,5,6,5,6,6,6,6,6,6,3,6,5,5,6,6,5,6,6,5,5,6,3,4,6,5,5,5,6,5,5,6,6,5,5,5,5,5,6,5,1,1992,5,2,1,361
77,356,5,3,1,0,0,0,4,0,1,0,0,0,0,2,0,0,0,0,0,0,0,0,1,0,0,0,3,6,7,6,6,5,5,5,5,6,4,6,5,5,5,6,6,5,5,6,6,5,5,6,6,5,5,6,6,3,4,4,4,5,5,6,6,5,5,5,5,6,6,5,6,6,6,5,5,5,5,3,4,3,2,2,2,3,2,2,2,2,2,5,5,6,5,5,5,1,1993,5,2,1,320
78,530,6,4,1,0,0,0,5,0,0,1,1,1,0,1,0,1,1,1,1,1,1,1,1,1,0,0,2,2,5,6,5,6,4,4,5,5,5,7,7,7,4,5,4,3,4,1,2,3,1,1,1,2,4,2,1,2,3,2,1,1,1,1,3,2,4,2,2,1,3,3,3,5,2,2,2,2,2,2,2,2,2,2,2,2,2,2,3,2,2,3,4,4,5,5,4,1,1993,5,2,1,203
79,454,5,6,1,0,1,0,4,0,0,0,1,1,0,2,0,0,0,1,0,0,0,1,1,0,0,0,1,2,3,5,4,4,6,4,5,5,5,5,5,4,4,4,4,4,4,3,3,3,3,3,3,2,2,2,2,3,4,4,5,5,5,5,1,1,1,6,3,2,6,6,6,6,6,6,6,6,6,2,2,2,2,1,1,1,1,1,1,1,1,3,1,4,4,4,3,2,1991,5,2,1,235
80,558,4,6,0,0,1,0,4,0,1,1,1,1,0,2,0,0,0,1,0,0,0,0,1,0,0,0,1,5,7,7,7,4,3,5,7,6,7,6,6,6,6,5,5,6,6,6,6,6,6,6,6,6,6,5,6,6,6,6,6,5,5,6,6,6,6,6,5,5,5,6,6,5,5,6,5,5,6,6,6,6,6,6,5,6,5,5,6,5,6,6,6,6,6,6,6,1,1992,5,2,1,385
81,207,5,1,1,0,0,0,1,0,0,1,0,0,0,2,0,0,0,0,0,0,1,0,0,0,0,0,4,7,5,5,5,5,5,5,5,5,5,5,5,5,5,5,5,5,5,5,5,5,5,5,5,5,5,5,5,5,5,5,5,5,5,5,5,5,5,5,5,5,5,5,5,5,5,5,5,5,5,5,5,5,5,5,5,5,5,5,5,5,5,5,5,5,5,5,5,2,1993,5,4,1,335
82,285,4,4,0,0,1,0,4,0,0,0,1,0,0,2,0,0,0,0,0,0,1,0,0,0,0,0,2,3,6,6,6,4,4,4,5,5,5,5,5,5,5,4,4,4,4,4,4,4,4,4,4,5,5,5,4,4,4,4,4,4,4,4,4,4,4,6,6,6,4,5,4,5,4,4,4,4,5,1,1,1,1,1,1,1,1,1,1,1,1,4,4,5,5,5,5,2,1993,5,2,1,261
83,704,4,6,1,0,0,0,4,0,0,0,1,0,0,2,1,0,0,0,0,0,0,1,0,0,0,0,2,3,5,6,6,6,5,6,5,3,4,5,6,6,7,5,5,5,2,4,3,2,3,2,2,2,3,4,2,4,2,2,2,3,2,3,2,2,2,3,4,4,5,5,6,6,4,5,6,4,7,2,7,6,5,5,5,6,6,5,7,6,6,2,2,3,5,5,4,2,1992,5,2,1,284
84,316,5,4,1,1,0,0,2,0,0,1,1,0,0,1,0,0,0,0,0,0,0,1,0,0,0,0,1,4,7,7,7,4,2,4,7,5,4,6,6,6,4,6,5,5,5,3,4,3,3,5,5,3,3,3,3,3,3,4,6,6,6,6,4,3,4,3,5,4,4,6,7,5,4,7,5,6,7,1,1,1,1,1,1,1,1,1,1,1,1,4,4,5,5,5,5,2,1992,5,2,1,273
85,244,6,6,1,1,1,0,4,0,0,0,1,0,0,2,0,0,0,0,0,0,0,1,0,0,0,0,2,3,7,6,7,5,2,3,5,2,5,7,2,5,3,6,2,6,5,5,5,6,3,5,6,2,5,3,6,3,5,6,3,3,5,3,5,5,2,2,2,2,2,2,2,2,2,2,1,1,1,3,3,3,3,3,3,3,3,2,2,2,2,4,6,2,4,6,4,1,1992,5,2,1,243
86,561,4,5,1,0,1,0,3,0,1,0,0,1,0,2,0,0,0,1,0,0,0,0,1,0,0,0,2,3,5,3,5,3,2,3,4,3,3,4,4,4,3,3,2,3,4,4,4,2,2,3,2,2,2,2,2,2,2,2,2,2,2,3,2,2,2,4,4,3,4,4,4,4,2,3,4,3,3,2,2,2,2,2,2,1,1,1,1,1,1,2,2,3,3,3,3,1,1992,5,2,5,180
87,534,4,6,1,0,0,0,4,0,0,0,1,0,0,2,0,0,1,0,0,0,0,0,0,0,0,0,1,1,5,4,5,6,6,3,4,3,3,4,4,4,4,4,4,4,5,5,5,5,3,4,3,2,3,3,4,4,4,4,4,4,4,4,4,4,4,4,2,2,4,4,4,4,6,6,6,6,6,2,2,2,2,2,2,2,2,2,2,2,2,3,3,4,4,4,4,2,1993,5,2,1,249
88,359,5,6,1,0,0,0,4,0,0,0,1,0,0,3,0,0,0,1,0,0,0,0,0,0,0,0,1,3,4,5,5,6,6,6,4,4,4,6,6,6,5,5,5,5,6,6,6,4,5,5,5,5,5,4,4,5,4,5,4,5,4,4,5,4,4,5,5,5,6,6,6,6,5,6,5,5,5,5,3,4,4,4,4,3,3,3,2,3,3,4,4,5,4,4,4,1,1988,5,5,4,312
89,741,5,4,1,0,0,0,4,0,0,0,1,0,0,2,0,0,0,1,0,0,1,0,1,0,0,0,1,2,5,5,5,2,1,1,2,4,4,6,4,2,4,3,6,6,3,1,4,4,1,1,3,6,5,6,3,5,5,5,3,4,5,6,4,3,6,6,5,2,7,7,7,7,4,3,5,4,7,1,1,1,1,1,4,1,1,1,3,1,1,3,1,5,7,7,7,2,1993,5,2,1,254
90,282,5,5,1,0,0,0,1,0,0,1,1,0,0,2,0,1,0,0,0,0,0,0,1,0,0,0,3,7,7,6,5,6,5,6,6,6,6,6,6,5,3,5,3,3,4,3,5,3,2,3,4,4,5,5,4,3,3,2,2,3,3,2,3,3,3,5,5,6,5,4,4,4,4,4,3,5,4,4,4,3,4,4,5,3,3,3,5,3,2,3,3,5,6,6,5,1,1993,5,2,1,277
91,290,4,1,1,0,0,0,4,0,1,0,0,0,0,2,0,0,0,0,0,0,0,1,0,0,0,0,1,2,4,4,4,4,4,4,4,4,4,4,4,4,4,4,4,4,4,4,4,4,4,4,4,4,4,4,4,4,4,4,4,4,4,4,4,4,4,4,4,4,4,4,4,4,4,4,4,4,4,4,4,4,5,4,4,4,4,4,4,4,4,4,4,4,4,4,4,2,1992,5,2,1,269
92,224,4,4,1,0,0,0,4,0,1,0,0,1,0,2,0,0,1,0,0,1,0,0,1,0,0,0,2,4,4,5,5,5,5,5,5,5,5,5,4,4,5,4,4,5,4,5,5,5,4,4,5,5,4,5,5,5,4,5,5,5,4,4,4,5,6,5,4,5,5,5,5,6,5,5,4,4,5,4,3,3,3,3,3,2,2,2,2,2,2,5,5,5,6,6,6,2,1992,5,2,1,295
93,393,5,4,0,0,1,0,3,0,0,0,1,0,0,2,0,0,1,0,0,0,0,0,1,0,0,0,1,4,2,6,2,4,2,2,4,2,5,4,4,4,3,4,3,3,3,4,4,3,4,5,3,3,3,3,3,4,4,5,5,3,3,5,4,4,5,3,3,3,4,5,5,5,5,5,5,5,5,2,2,2,2,2,3,2,3,2,2,2,2,4,4,4,4,4,4,1,1993,5,2,1,237
94,310,3,1,1,0,0,0,4,0,0,0,1,0,0,3,0,1,0,0,0,0,0,0,0,0,0,0,2,2,3,4,4,5,5,5,5,5,5,5,5,5,5,5,5,5,5,5,5,5,5,5,5,5,5,5,5,5,5,5,5,5,5,5,5,5,5,5,5,5,5,5,5,5,5,5,5,5,5,5,5,5,5,5,5,5,5,5,5,5,5,5,5,5,5,5,5,2,1990,5,2,1,331
95,327,5,6,1,0,0,0,4,0,0,0,1,0,0,2,0,0,0,1,0,1,1,1,0,0,0,0,3,5,5,5,6,5,4,5,4,4,5,5,5,5,5,5,5,5,6,4,5,5,3,4,5,3,3,5,5,5,5,5,5,5,5,5,5,5,5,4,4,4,5,5,5,5,5,5,5,5,5,5,5,5,5,5,5,5,5,5,5,5,5,5,5,5,5,5,5,2,1993,4,2,1,323
96,479,2,4,1,0,0,0,4,0,0,0,1,0,0,2,0,0,0,0,0,0,0,0,1,0,0,0,3,2,4,5,5,6,5,4,4,4,4,4,5,4,4,5,6,5,5,5,4,5,5,4,4,4,4,5,5,5,4,4,5,4,5,4,4,4,5,4,4,4,4,5,5,4,4,4,4,4,5,4,3,4,3,4,4,3,3,3,4,4,4,4,4,4,5,5,5,1,1997,5,2,1,289
97,352,6,4,1,0,0,0,1,0,0,1,1,0,0,2,1,0,0,1,0,0,0,0,1,1,0,0,2,7,4,4,6,2,1,1,4,5,6,6,7,5,5,5,5,6,7,4,4,4,2,6,4,6,4,6,4,7,6,4,6,7,7,7,3,5,4,5,5,4,4,7,7,7,5,7,7,7,7,1,3,1,1,1,5,1,1,1,6,1,1,3,2,6,6,7,4,2,1992,5,2,1,302
98,421,5,6,1,0,1,0,4,0,1,0,1,0,0,3,0,0,0,0,0,0,0,1,1,0,0,0,5,7,4,5,5,4,4,4,5,5,5,5,5,5,4,4,4,4,5,5,5,5,5,5,5,5,5,5,5,5,5,5,5,5,5,5,5,5,5,5,5,5,5,5,5,5,5,5,5,5,5,3,3,3,3,3,3,3,3,3,3,3,3,4,4,3,3,3,3,2,1991,5,2,1,293
99,277,5,5,1,0,0,0,4,1,0,0,1,0,0,2,0,0,0,0,0,1,1,1,1,0,0,0,1,3,6,6,6,6,6,6,6,6,6,6,6,6,6,6,6,6,6,6,6,6,6,6,6,6,6,6,6,6,6,6,6,6,6,6,6,6,6,6,6,6,6,6,6,6,6,6,6,6,6,1,1,1,1,1,1,1,1,1,1,1,1,4,4,6,6,6,6,2,1996,5,2,1,338
100,741,4,4,1,0,1,0,5,0,1,0,1,0,0,1,0,1,1,0,0,0,0,1,1,1,0,0,2,4,2,3,7,7,2,2,4,3,5,1,4,3,4,6,6,3,3,4,7,2,4,3,2,3,3,2,2,3,2,3,6,7,4,6,5,3,3,5,4,2,5,5,6,4,2,5,5,6,3,4,3,3,3,2,4,6,3,3,2,6,1,4,4,5,6,6,5,1,1994,5,2,1,261
101,378,4,5,1,0,0,0,1,0,1,0,1,0,0,2,0,0,0,0,0,0,0,0,1,0,0,0,3,7,7,7,7,7,7,4,6,4,4,7,7,7,7,5,5,5,7,7,7,4,6,5,5,5,5,5,5,5,5,5,6,6,6,6,7,5,5,6,6,6,6,6,6,6,6,4,4,6,6,1,1,1,1,1,1,1,1,1,1,1,1,3,3,4,4,4,4,1,1995,5,2,1,315
102,367,2,3,0,0,1,0,3,0,1,0,0,0,0,3,0,0,0,0,0,1,0,0,0,0,0,0,2,2,5,6,7,7,6,7,7,7,7,6,7,7,6,7,6,7,7,6,7,7,7,6,7,7,7,7,6,7,6,6,7,7,6,6,7,7,7,6,7,7,6,7,7,6,7,6,7,6,7,7,7,7,7,6,6,7,6,7,7,6,7,7,7,6,7,7,6,1,1963,5,4,6,444
103,366,2,1,1,0,0,0,4,0,1,0,1,0,0,3,0,0,0,0,0,0,0,1,0,0,0,0,1,2,5,5,6,5,5,5,5,5,5,5,5,5,5,5,5,5,5,5,5,5,5,5,5,5,5,5,5,5,5,5,5,5,5,5,5,5,5,5,5,3,3,3,3,3,4,4,4,4,5,2,2,2,2,2,2,2,2,2,2,2,2,2,2,4,4,6,4,1,1996,3,2,1,278
104,687,4,5,1,0,0,0,3,0,1,0,1,0,0,2,0,0,0,0,0,0,0,1,0,0,0,0,3,3,4,6,7,5,6,6,6,7,7,7,6,7,7,7,6,7,7,7,7,7,6,6,7,7,7,7,7,6,7,7,7,6,7,7,7,7,6,7,6,7,7,6,7,7,7,7,6,6,7,6,7,7,7,7,7,7,7,6,6,7,7,7,7,7,7,7,7,2,1983,5,10,5,446
105,530,3,4,1,0,1,0,5,1,1,0,1,1,0,2,0,0,0,1,0,0,1,1,0,0,0,0,3,6,5,6,6,5,1,3,6,4,6,6,5,5,4,4,4,4,5,4,4,4,4,4,4,5,5,5,5,6,6,6,7,7,7,7,5,5,5,5,4,2,4,5,4,5,4,5,5,6,4,2,2,2,1,1,3,1,2,2,2,2,1,4,5,5,5,5,5,2,1996,5,2,1,287
106,228,4,1,1,0,0,0,1,0,0,1,0,0,0,2,0,0,0,0,0,0,0,1,0,0,0,0,2,1,1,5,4,4,5,5,5,5,3,5,5,5,5,6,6,5,2,6,6,5,3,6,6,5,6,5,5,5,6,5,5,6,6,5,5,6,6,5,6,6,6,5,5,6,5,4,5,6,5,5,7,7,7,7,4,5,4,4,4,4,3,3,3,3,3,3,4,1,1995,5,2,1,328
107,186,3,2,0,0,1,0,3,0,1,0,1,0,0,3,0,0,0,0,0,0,0,1,0,0,0,0,3,4,5,5,6,6,6,6,6,7,7,7,6,7,7,7,6,6,7,7,7,6,7,6,7,7,7,6,6,6,7,7,7,6,7,7,7,7,6,7,7,7,7,6,6,6,7,7,7,6,6,6,7,7,7,7,7,7,7,7,7,7,7,7,7,6,7,7,6,2,1976,5,3,6,442
108,442,2,2,1,0,0,0,4,0,0,0,1,0,0,2,0,0,0,0,0,0,0,1,0,0,0,0,1,1,6,4,4,4,4,4,5,5,4,4,5,4,4,4,4,4,1,1,2,1,1,2,2,2,1,3,3,1,2,2,4,4,4,3,2,2,3,1,2,2,3,4,3,4,2,3,4,3,3,2,2,2,1,2,2,1,2,1,2,1,2,2,2,4,4,4,3,2,1996,5,2,1,188
109,215,5,6,1,0,1,0,1,0,0,0,1,0,0,2,0,0,0,0,0,0,0,0,1,0,0,0,4,2,5,5,5,4,4,5,5,4,5,4,5,5,4,5,5,5,4,5,4,5,4,4,5,5,5,5,5,4,4,4,4,5,5,5,4,4,5,5,5,5,4,4,4,4,4,5,5,5,4,5,4,5,4,5,4,4,4,3,3,3,3,3,4,4,4,3,5,1,1993,5,2,1,294
110,462,5,4,1,0,1,0,5,0,1,0,1,1,0,2,0,0,0,1,0,0,1,1,0,0,0,0,2,5,6,6,6,5,3,4,5,5,5,6,6,6,5,4,5,5,5,5,5,5,5,5,5,5,5,6,6,5,5,5,6,6,6,6,4,5,6,5,5,5,5,5,5,5,5,5,5,6,5,2,2,2,2,3,3,1,1,2,1,3,3,3,3,5,5,5,5,1,1995,5,2,1,305
111,276,5,5,0,0,1,0,3,0,1,0,1,0,0,3,0,0,0,0,0,1,0,0,0,0,0,0,4,4,5,6,7,6,6,6,7,6,6,7,7,6,6,7,6,7,6,6,7,7,7,7,7,6,7,7,6,6,6,7,7,6,7,7,7,7,7,7,6,7,6,7,7,7,7,7,7,6,6,6,7,7,6,7,6,7,7,6,6,7,7,6,6,6,7,7,7,1,1972,6,9,6,439
112,422,5,6,1,0,1,0,4,0,1,0,1,0,0,2,0,0,0,1,0,0,0,0,1,0,0,0,4,4,6,5,6,5,6,5,5,6,4,5,6,5,5,4,5,4,5,4,5,4,5,5,5,4,3,5,4,6,5,4,5,4,2,5,5,5,5,5,5,5,4,4,4,4,4,5,5,5,5,3,3,3,3,3,3,3,4,4,4,4,4,5,4,4,4,5,3,1,1995,5,2,1,298
113,362,5,6,1,0,0,0,4,0,1,0,1,0,0,1,0,0,0,1,0,0,1,0,0,0,0,0,1,2,5,5,5,5,3,4,4,4,4,5,5,5,5,4,5,5,5,4,5,5,5,4,4,5,5,5,5,5,5,5,6,5,5,5,5,5,5,5,5,5,5,7,6,6,6,6,6,6,6,1,5,4,3,2,4,1,2,3,6,6,1,5,5,5,5,5,5,1,1995,5,2,1,313
114,452,3,2,1,0,0,0,2,0,1,0,1,0,0,2,1,0,0,0,0,0,1,0,0,0,0,0,2,2,4,6,7,7,7,6,6,7,7,7,7,7,6,7,7,6,7,7,6,6,7,7,6,7,7,6,6,6,7,6,6,6,7,7,7,7,7,7,7,6,7,7,6,7,7,7,7,6,6,7,7,7,6,7,7,7,6,7,7,7,7,7,7,7,7,6,7,1,1986,6,5,4,445
115,468,6,3,1,1,1,0,4,0,0,1,1,0,0,2,0,0,0,1,0,1,1,0,1,0,0,0,2,7,7,6,5,7,4,5,5,1,3,5,6,5,5,4,5,5,3,3,3,3,3,5,2,2,6,6,3,6,5,3,5,5,5,7,4,4,4,6,4,4,5,6,6,5,4,3,2,2,5,1,1,1,1,1,3,3,2,1,1,1,4,5,5,5,6,4,4,1,1996,5,2,1,266
116,314,5,6,1,0,0,0,4,1,0,0,1,0,0,2,0,0,0,0,0,0,0,0,1,0,0,0,2,7,4,4,4,1,1,1,1,1,1,3,3,3,2,2,2,2,2,2,2,3,2,2,2,2,3,1,1,1,1,1,3,3,3,3,2,2,2,2,2,2,1,1,1,1,1,1,1,1,1,4,4,4,5,1,5,5,5,3,2,2,2,2,2,3,3,2,3,2,1992,5,2,1,150
117,280,5,1,1,0,0,0,1,0,0,1,1,0,0,2,0,0,0,0,0,0,0,0,1,0,0,0,1,1,3,3,4,3,2,3,3,3,3,4,3,4,3,4,3,4,4,3,4,4,3,4,5,3,3,4,4,4,3,4,4,4,3,4,4,5,4,5,4,5,5,6,6,5,5,5,5,5,5,4,3,3,4,3,3,3,4,3,4,3,4,4,5,4,5,5,4,1,1995,5,2,1,261
118,259,6,1,1,0,0,0,4,0,1,0,1,0,0,1,0,1,0,0,0,0,0,0,0,0,0,0,1,1,7,7,7,7,7,7,2,6,4,4,6,3,7,4,5,7,3,5,7,7,5,3,1,7,5,7,5,4,5,4,4,3,5,4,4,4,4,7,4,7,5,3,2,6,4,6,4,6,3,4,4,6,6,6,6,6,6,6,6,5,7,4,5,1,7,6,5,1,1995,5,2,1,339
119,349,4,3,1,0,1,0,4,0,1,0,1,1,0,1,1,0,0,0,0,0,0,0,1,0,0,0,1,2,6,6,3,6,6,5,7,6,6,6,6,6,5,6,5,5,5,5,5,5,6,6,5,4,4,4,3,5,4,4,5,5,6,4,4,4,4,2,4,4,4,6,6,6,3,1,3,2,5,1,1,1,1,1,2,1,1,3,1,3,1,4,4,7,6,5,5,1,1996,5,2,1,281
120,710,5,1,1,0,0,0,4,0,1,0,0,0,0,2,0,0,0,1,0,0,0,0,1,0,0,0,1,2,7,5,6,5,6,5,5,5,6,6,6,6,5,5,4,5,5,6,6,5,5,6,5,6,6,6,6,6,6,6,6,6,6,6,6,6,6,5,5,4,5,5,5,5,5,5,6,6,6,4,4,3,4,4,4,3,4,3,4,4,4,5,5,6,6,6,5,2,1995,5,2,1,349
121,261,5,4,1,0,1,0,4,1,1,1,1,1,0,1,0,0,1,0,0,0,0,0,1,1,1,0,2,2,7,7,7,7,7,7,7,7,7,7,7,7,7,7,7,7,7,7,7,7,7,7,7,7,7,7,7,7,7,7,7,7,7,7,7,7,7,7,7,7,7,7,7,7,7,7,7,7,7,7,7,7,7,7,7,7,7,7,7,7,7,7,7,7,7,7,7,1,1991,5,2,1,469
122,303,6,6,1,0,1,0,4,1,1,1,1,1,0,1,0,0,0,0,0,0,0,0,1,0,0,0,1,2,5,5,4,4,4,4,5,4,3,4,3,4,4,4,5,3,3,5,3,5,4,3,5,4,5,3,5,4,3,4,4,3,5,4,4,3,4,5,4,3,4,5,4,3,3,5,5,4,4,5,3,4,4,5,4,5,4,4,3,4,4,1,1,1,1,4,4,1,1993,5,2,1,258
123,502,4,3,1,0,0,0,4,1,0,0,1,0,0,2,0,0,1,1,0,1,0,1,1,0,0,0,7,7,5,4,2,4,3,4,4,3,5,4,4,3,5,5,4,5,4,4,3,5,3,4,4,5,4,4,3,3,3,3,3,4,5,4,3,3,2,4,4,3,4,5,4,5,4,4,4,4,5,1,1,1,1,1,1,1,1,1,1,1,1,6,5,4,5,5,5,2,1996,5,2,1,232
124,752,5,6,1,0,1,0,4,0,1,0,1,0,0,1,0,0,0,1,0,0,0,1,0,0,0,0,2,5,4,4,4,3,3,3,4,5,5,7,7,7,5,5,3,3,5,7,3,1,1,1,1,2,4,4,4,5,3,4,4,1,1,4,4,4,4,7,7,7,7,7,1,4,1,4,7,7,7,1,1,1,1,1,1,1,2,1,1,1,1,4,7,4,4,7,4,1,1994,5,2,1,248
125,1132,5,6,1,1,1,0,4,0,0,0,1,0,0,3,0,0,0,1,0,0,0,1,0,0,0,0,4,7,4,5,5,4,4,4,5,5,5,6,6,6,4,5,4,4,5,4,4,3,4,3,2,3,2,4,2,4,3,3,5,4,4,5,5,4,3,3,3,3,3,4,4,4,4,5,5,5,5,1,1,1,1,1,1,1,1,1,1,1,1,3,2,4,4,4,4,2,1993,5,2,1,233
126,1192,3,2,1,0,0,0,5,0,0,0,1,0,0,3,0,0,0,1,0,0,1,1,1,0,0,0,7,5,7,7,4,4,3,3,2,3,3,5,5,4,4,5,3,5,4,4,5,4,3,4,4,3,2,2,2,2,2,2,3,2,2,2,2,3,2,2,4,4,2,4,4,4,5,5,4,5,4,1,1,1,1,1,1,1,1,1,1,1,1,2,2,3,4,4,4,2,1996,5,2,1,204
127,674,5,3,1,0,0,0,1,1,1,1,1,0,0,3,0,0,0,1,0,0,0,1,1,0,0,0,2,2,4,4,4,4,4,4,4,4,4,4,4,4,4,4,4,4,4,4,4,5,4,4,4,5,5,5,5,4,4,4,5,5,5,5,4,4,4,4,4,4,7,7,7,7,7,7,7,7,7,1,1,1,1,1,1,1,1,1,1,1,1,5,5,5,5,5,5,2,1995,5,2,1,274
128,486,4,4,1,0,0,0,4,0,0,1,1,0,0,2,0,0,0,0,0,0,0,1,0,0,0,0,2,4,7,4,6,5,7,5,5,5,7,7,5,5,5,7,5,6,7,6,7,4,3,3,4,4,2,3,3,5,2,2,7,7,7,7,4,4,4,4,3,2,4,4,4,4,4,7,5,7,7,1,1,1,1,1,1,1,1,1,1,1,1,4,7,5,5,5,5,2,1995,5,2,1,284
129,215,5,3,1,0,0,0,4,0,0,0,1,0,0,3,0,0,0,0,0,0,0,1,0,0,0,0,2,4,4,4,4,4,5,6,4,5,6,4,5,6,4,5,6,7,4,5,6,4,5,6,6,4,5,4,6,4,5,6,4,5,6,7,4,5,6,4,5,6,4,5,4,5,6,4,5,5,5,4,5,5,5,6,4,5,5,5,5,5,5,4,4,4,5,6,6,2,1996,5,2,1,332
130,529,5,4,1,0,0,0,4,0,0,0,1,0,0,2,0,0,1,0,0,0,0,1,0,0,0,0,1,2,5,5,5,7,3,4,5,3,5,5,4,4,4,5,4,4,5,5,4,4,4,4,5,6,6,6,5,5,4,4,6,6,6,6,6,5,5,4,5,4,4,6,6,6,6,4,4,6,6,2,3,3,3,3,2,2,2,2,2,2,1,4,6,6,6,6,6,1,1996,5,2,6,301
131,580,5,6,1,0,0,0,4,0,1,0,1,0,0,1,0,0,0,1,0,0,0,0,1,0,0,0,3,5,6,7,7,4,4,4,5,5,6,5,7,5,4,4,3,5,5,4,5,3,3,2,2,6,5,6,6,6,6,5,6,7,7,7,5,6,6,7,6,5,5,6,7,6,7,6,7,7,7,1,2,2,1,1,2,1,1,1,1,1,1,1,4,4,5,6,5,2,1991,6,2,1,305
132,448,5,1,1,0,0,0,4,0,0,0,1,0,0,3,0,0,0,0,0,0,0,0,1,0,0,0,5,6,5,4,4,4,3,4,4,4,4,4,4,4,4,5,3,4,4,5,4,4,4,5,4,4,3,5,4,4,5,3,6,5,4,4,4,4,3,5,5,4,5,4,4,5,4,6,5,6,4,1,1,2,2,2,1,1,1,1,1,2,1,5,4,4,4,5,4,2,1995,5,2,1,251
133,258,6,6,0,0,1,0,3,0,0,0,1,1,0,2,0,0,0,1,0,0,0,1,0,0,0,0,2,1,5,3,5,3,6,5,6,6,5,5,6,6,6,6,5,5,5,6,6,5,6,6,6,6,4,5,4,5,5,6,6,5,6,6,6,5,5,6,6,4,5,4,5,6,6,7,6,6,6,6,7,6,6,6,5,6,6,7,6,6,6,6,6,7,6,5,6,1,1990,6,12,1,373
134,479,4,4,1,0,0,0,4,0,0,1,1,0,0,2,0,0,0,1,0,0,0,1,0,0,0,0,2,6,7,7,6,5,4,4,5,4,4,6,6,4,4,4,4,4,5,4,5,5,5,5,4,5,4,5,4,5,4,4,5,5,5,5,5,5,5,5,4,3,5,5,4,5,3,4,4,4,4,3,3,3,3,3,3,3,3,3,3,3,3,4,4,4,4,5,4,2,1993,5,2,1,288
135,1023,6,5,1,0,0,0,5,0,0,0,1,0,0,3,0,0,0,1,0,0,1,1,0,0,0,0,3,3,5,6,6,6,6,5,5,5,5,5,7,6,6,5,5,5,5,5,5,5,5,5,5,7,7,7,7,7,6,6,6,6,6,6,6,6,6,6,5,6,1,5,3,5,4,4,4,4,5,1,1,1,1,1,4,1,1,1,1,1,1,7,6,6,6,6,6,2,1991,4,2,1,316
136,492,5,5,1,1,0,0,5,0,0,1,1,0,0,2,1,0,0,1,0,0,0,1,0,0,0,0,3,4,5,3,7,3,5,5,6,2,5,6,7,4,5,7,4,4,6,6,7,6,2,7,4,6,5,7,3,6,3,6,2,5,7,2,4,6,4,6,7,6,4,7,5,7,7,6,7,6,7,2,2,2,2,3,2,1,2,1,1,4,2,4,4,4,5,3,6,2,1993,5,2,1,307
137,314,5,5,1,0,0,0,4,0,0,1,0,0,0,1,0,0,0,0,0,0,0,0,1,0,0,0,4,7,4,4,5,3,3,3,4,4,5,4,4,4,4,5,5,5,5,5,5,4,4,3,3,4,4,4,5,4,5,4,4,4,5,4,5,5,5,5,5,4,4,5,4,4,4,4,4,4,5,4,4,4,4,4,5,4,4,4,5,4,4,4,4,4,4,4,4,2,1992,6,2,1,283
138,461,4,5,1,0,1,0,4,1,1,0,1,1,0,3,0,0,1,1,0,1,1,1,0,0,0,0,2,2,7,7,7,5,7,6,5,5,5,7,5,7,5,5,3,5,7,3,5,5,2,5,5,5,2,5,2,2,5,5,5,5,5,2,2,2,2,5,5,5,5,5,2,5,5,5,5,5,5,2,2,2,5,5,2,2,2,2,2,5,2,2,2,5,5,5,5,2,1993,4,2,6,286
139,509,5,5,1,0,1,0,4,0,1,0,1,1,0,1,0,1,0,0,0,0,1,1,0,0,0,0,2,7,7,7,7,7,2,1,4,4,7,6,5,3,3,4,4,3,5,5,4,1,1,1,2,1,1,1,1,1,1,1,7,4,7,7,6,2,4,2,1,1,7,7,7,7,6,4,4,2,1,1,1,1,1,1,1,1,1,1,1,1,1,6,6,4,4,6,7,1,1993,3,6,2,231
140,625,5,5,1,0,0,0,4,0,0,0,1,0,0,3,0,0,0,0,0,1,0,1,0,0,0,0,7,7,3,3,5,2,2,1,5,5,6,4,5,4,2,4,4,3,3,3,4,5,4,5,5,3,4,6,5,4,4,3,4,2,2,5,5,4,5,4,3,3,5,5,5,5,5,5,5,6,5,3,3,3,2,1,1,1,1,1,1,1,1,3,1,4,5,5,1,2,1992,5,2,1,237
141,876,6,5,1,0,1,0,5,1,0,0,1,1,0,1,0,0,0,0,0,0,0,0,1,0,0,0,1,1,7,7,7,6,5,3,3,3,4,6,5,5,7,7,7,7,5,6,5,4,3,3,3,5,5,5,4,4,4,4,2,2,5,3,4,5,5,2,4,4,4,5,5,5,4,4,3,4,5,1,2,1,1,1,1,1,3,3,2,4,2,2,2,5,5,5,3,2,1994,5,2,1,268
142,400,4,4,1,0,0,0,1,0,1,0,1,0,0,2,0,0,0,1,0,0,0,0,1,1,0,0,2,2,4,3,3,3,4,4,3,4,3,4,3,3,4,3,3,3,5,5,5,4,3,4,3,3,3,3,2,3,3,3,3,4,3,3,4,3,3,3,4,3,5,3,5,5,6,5,5,3,4,4,4,4,4,3,3,2,4,3,3,3,3,3,4,4,4,5,5,2,1993,5,2,1,242
143,410,5,5,1,0,1,0,4,0,1,0,1,1,0,3,0,0,0,0,0,0,0,1,0,0,0,0,2,1,7,7,7,7,4,5,5,5,6,6,5,6,7,7,7,7,7,7,7,3,3,4,2,5,6,6,5,6,4,5,7,7,7,7,5,5,5,5,5,4,7,7,7,7,7,6,6,6,6,1,1,3,1,1,1,1,1,1,1,1,2,2,2,6,6,6,6,2,1992,5,2,1,327
144,740,5,4,0,0,1,0,4,0,1,0,1,0,0,2,0,0,0,0,0,0,0,0,1,0,0,0,2,4,6,6,4,3,3,3,5,4,5,6,7,4,5,5,4,5,4,3,4,3,2,5,4,4,4,4,2,5,5,4,6,5,5,6,4,4,4,3,5,2,4,6,4,6,6,6,6,5,6,2,1,1,1,1,1,1,1,1,1,2,1,4,4,4,4,5,4,1,1991,5,5,1,260
145,238,5,1,1,1,1,0,4,0,1,1,1,0,0,4,0,0,0,0,0,0,1,0,0,0,0,0,1,1,7,7,7,5,7,7,5,7,7,7,7,7,7,7,7,7,7,7,7,7,7,7,7,7,7,7,7,7,7,7,7,7,7,7,7,7,7,7,7,7,7,7,7,7,7,7,7,7,7,7,7,7,7,7,7,7,7,7,7,7,7,7,7,7,7,7,7,1,1992,5,2,1,465
146,468,5,6,1,0,0,0,1,0,1,0,1,0,0,1,0,1,0,0,0,0,0,0,1,0,0,0,6,6,4,2,5,4,2,4,3,2,4,3,3,3,2,3,3,3,2,2,2,3,2,2,2,3,3,4,3,2,2,2,3,4,4,4,3,2,2,4,2,1,3,3,3,3,2,4,3,4,4,1,1,1,1,1,1,1,1,1,1,1,1,1,1,4,4,4,2,2,1991,5,5,1,170
147,535,5,6,1,0,1,0,5,0,1,0,1,1,0,1,0,0,0,0,0,0,1,0,0,0,0,0,1,7,5,5,5,5,5,5,3,3,3,5,5,5,5,4,4,4,5,5,4,4,5,5,5,4,4,5,4,3,2,3,4,4,5,5,4,4,4,5,4,5,5,5,5,5,4,4,4,4,5,4,4,4,4,4,5,4,5,4,4,4,4,1,1,4,4,4,4,2,1991,6,2,1,282
148,337,6,6,1,0,0,0,1,0,0,1,0,0,0,3,0,0,0,0,0,0,0,0,1,0,0,0,1,1,7,7,7,7,2,2,7,3,4,7,5,4,6,6,6,7,7,6,7,7,7,7,6,7,6,6,7,7,7,7,7,6,7,7,7,7,6,7,7,7,7,7,7,7,7,7,6,7,6,7,7,7,6,7,7,6,7,7,7,6,6,7,7,7,6,6,6,1,1992,5,9,1,429
149,455,5,3,1,0,0,0,1,0,0,1,1,0,0,1,0,0,0,0,0,0,1,1,1,0,0,0,2,2,6,5,5,5,3,5,2,2,3,4,4,5,6,6,4,4,4,4,4,5,4,5,5,6,6,6,5,6,4,4,6,5,4,4,3,4,3,5,4,5,5,5,5,5,5,5,5,5,5,2,3,2,2,2,2,2,2,2,2,2,2,3,3,4,4,5,3,2,1992,5,4,1,272
150,403,5,1,1,0,1,0,4,0,0,1,1,0,0,1,0,1,0,0,1,0,0,1,0,0,0,0,1,2,6,6,5,5,5,6,6,5,6,5,5,5,4,5,6,5,6,6,5,5,4,4,4,4,5,5,4,5,5,6,5,4,5,5,5,4,6,5,5,6,4,5,5,4,4,4,4,4,4,4,4,4,5,4,4,4,4,4,4,4,4,4,5,4,5,5,5,1,1992,5,4,1,318
151,406,6,5,1,1,1,0,4,0,1,0,1,0,0,1,1,0,0,0,0,0,0,0,1,0,0,0,6,6,6,6,6,5,5,4,6,4,6,7,6,6,4,4,5,6,5,5,5,3,4,5,5,3,5,6,5,5,4,4,5,6,6,4,4,5,5,2,3,5,5,6,6,6,6,5,6,6,6,2,5,4,3,3,5,3,4,5,3,4,3,5,5,5,5,5,5,2,1991,6,2,1,321
152,220,6,5,1,1,1,0,4,0,1,0,1,0,0,2,0,0,0,0,1,0,0,0,1,0,0,0,3,3,3,4,4,6,6,5,6,6,6,5,5,5,5,5,5,4,6,5,5,6,6,5,6,6,5,5,5,6,5,5,6,5,5,5,5,5,5,6,6,5,5,5,5,5,5,7,6,7,6,2,2,1,1,1,2,2,2,2,2,2,2,2,1,6,6,6,6,1,1991,6,2,1,308
153,317,5,6,1,1,0,0,4,0,1,1,1,0,0,3,0,0,0,0,0,0,0,1,0,0,0,0,3,2,3,4,3,5,5,4,4,4,4,4,5,4,4,5,4,5,3,4,3,4,5,5,3,3,5,4,5,4,5,5,3,4,4,5,4,5,4,4,5,4,4,5,4,5,5,5,5,5,5,4,5,5,3,4,4,4,5,4,4,3,4,4,4,5,3,4,5,2,1995,5,2,1,284
154,852,6,6,1,0,1,0,4,0,0,0,1,1,0,2,0,0,0,0,0,0,0,0,1,1,0,0,2,7,7,4,4,5,3,4,6,2,5,6,6,6,6,5,6,5,7,6,6,2,3,3,2,5,3,5,3,3,3,3,2,2,2,2,4,4,4,3,1,4,3,3,3,3,3,3,3,3,3,7,7,7,7,7,7,7,7,7,7,7,7,3,2,5,5,5,4,2,1993,5,2,1,297
155,747,6,1,1,0,1,0,4,1,0,0,1,1,0,2,1,0,0,0,0,0,0,1,0,0,0,0,5,3,5,5,5,6,4,4,4,3,5,6,5,5,5,6,4,4,4,4,5,4,3,4,6,5,4,5,4,5,4,4,5,5,5,5,5,4,4,3,2,3,3,4,4,4,2,4,4,5,4,2,3,2,1,1,3,1,1,1,2,1,1,4,4,4,4,6,4,1,1991,5,5,1,257
156,280,5,5,1,0,1,0,4,0,1,0,1,0,0,3,0,0,0,0,1,0,1,1,1,1,1,0,7,6,7,7,7,7,7,7,7,7,7,7,7,7,7,7,7,7,7,7,7,6,6,7,7,7,7,7,7,7,7,7,5,7,7,7,7,7,7,7,7,7,7,7,7,7,7,7,7,7,7,3,3,3,3,3,3,3,3,3,3,3,3,7,7,7,7,7,7,2,1993,4,2,1,417
157,655,6,4,1,0,1,0,4,0,1,0,1,0,0,2,0,1,0,1,0,0,1,1,0,0,0,0,1,5,4,4,4,4,4,3,3,3,3,4,4,4,3,4,3,4,4,4,4,3,3,3,3,3,3,3,3,4,4,4,2,3,3,3,2,4,2,3,3,3,3,3,3,3,3,3,3,3,3,2,2,2,2,2,2,2,2,2,2,2,2,3,3,4,4,4,4,1,1991,5,1,2,207
158,6667,6,6,1,0,1,0,4,0,1,0,1,1,0,3,0,0,0,0,0,0,0,1,1,0,0,0,1,7,7,7,7,7,4,4,4,4,7,7,7,7,7,7,7,4,4,4,4,7,4,4,4,4,4,4,4,4,4,4,4,4,4,4,4,4,4,1,1,4,4,4,4,4,4,4,4,4,4,1,1,1,1,1,1,1,1,1,1,1,1,4,4,4,4,4,4,2,1985,5,8,5,262
159,322,5,6,1,0,0,0,5,0,0,0,1,0,0,1,0,0,0,0,0,0,0,0,1,0,0,0,2,2,6,7,6,6,3,6,6,5,4,6,6,5,5,5,6,5,7,5,5,4,2,2,2,4,6,4,6,5,3,6,5,5,6,5,5,4,6,4,6,6,5,5,6,6,4,4,4,5,5,1,1,4,3,3,1,1,1,1,1,3,2,4,4,5,5,6,6,2,1993,5,2,1,296
160,626,5,6,1,0,0,0,4,0,1,0,0,1,0,3,0,0,0,0,0,0,0,0,1,0,0,0,2,4,7,4,6,5,1,4,5,4,4,5,4,5,4,4,3,5,6,6,5,4,2,6,6,7,5,7,6,6,5,3,5,4,6,4,4,4,5,5,5,4,5,7,4,4,5,6,5,6,7,4,7,3,1,4,7,1,4,3,3,1,4,5,5,1,5,4,4,1,1995,1,8,4,305
161,590,6,6,1,0,1,0,5,0,0,0,1,1,0,1,0,0,0,1,0,1,0,0,1,0,0,0,2,2,6,6,7,7,5,6,5,5,6,6,7,7,6,7,6,6,6,7,6,5,5,6,5,6,5,6,5,6,5,7,6,5,6,5,5,6,5,6,5,6,6,7,6,7,7,7,7,6,7,4,5,5,5,6,4,3,3,4,5,4,4,6,5,6,7,7,6,2,1990,6,2,1,382
162,326,5,1,1,0,0,0,5,0,1,0,1,0,0,2,0,0,1,0,0,0,1,0,1,0,0,0,1,3,4,4,4,3,3,3,3,3,3,5,5,5,4,4,4,3,3,3,3,3,3,3,3,2,2,3,2,2,2,2,5,4,5,5,3,3,4,3,3,3,3,4,3,4,5,5,4,5,4,1,1,1,1,1,1,1,1,1,1,1,1,2,2,4,4,4,4,2,1993,5,2,1,203
163,303,5,6,1,0,1,0,4,0,0,0,1,1,0,1,0,0,0,0,0,0,1,1,1,0,0,0,1,4,2,2,2,2,2,3,3,1,2,6,5,5,4,4,3,5,3,5,4,6,4,7,7,6,6,7,7,4,4,4,3,3,2,1,2,2,2,7,6,7,2,2,3,2,2,2,2,2,1,2,2,1,1,1,1,2,2,1,1,1,1,1,1,2,2,2,3,2,1991,5,3,1,205
164,223,4,2,1,0,1,0,3,0,1,0,0,0,0,2,0,0,0,1,0,0,0,0,0,0,0,0,3,3,4,4,3,4,3,4,4,4,4,4,4,4,4,4,4,4,4,4,4,4,4,4,4,4,3,4,3,3,3,4,4,3,5,5,4,4,4,4,4,4,3,4,5,5,4,4,5,4,4,4,4,4,5,5,3,4,4,4,4,4,1,2,4,4,3,3,4,1,1993,5,2,1,259
165,1028,5,5,1,0,0,0,5,0,0,0,1,0,0,3,0,0,0,1,0,0,0,0,1,0,0,0,1,4,7,7,7,4,4,4,4,3,4,7,5,6,5,5,5,5,6,5,6,6,4,5,4,7,6,6,6,4,4,5,3,6,6,4,4,4,4,4,4,6,6,6,6,6,6,6,6,6,6,1,1,5,4,1,4,1,4,1,4,1,4,4,4,7,7,7,5,2,1986,5,9,5,320
166,335,5,4,1,0,0,0,4,0,1,1,1,0,0,1,0,0,0,1,1,1,1,0,0,0,0,0,2,4,7,7,7,5,5,4,7,4,6,6,6,5,4,4,2,3,3,3,4,4,3,1,1,1,1,3,2,4,2,4,2,3,2,4,3,4,4,2,3,2,5,6,6,6,6,6,6,6,6,1,1,1,1,1,1,1,1,1,1,1,1,4,4,5,5,5,5,1,1993,5,2,1,240
167,702,5,1,1,0,1,0,3,0,0,0,1,0,0,3,0,0,1,0,0,0,0,0,0,0,0,0,1,1,7,5,5,3,7,4,6,5,5,5,5,5,6,5,5,4,4,4,4,5,5,5,5,5,5,5,5,4,4,4,4,4,5,4,4,4,5,5,5,4,3,3,3,4,5,4,3,4,4,4,4,4,4,4,4,4,4,4,4,4,4,4,4,5,3,4,4,2,1988,4,5,3,295
168,550,5,5,1,0,1,0,5,0,1,0,1,1,0,2,0,0,0,1,0,0,0,1,0,0,0,0,2,7,7,5,5,7,5,5,6,3,5,7,7,7,4,6,4,4,6,4,4,5,4,6,4,4,4,5,5,5,5,5,5,5,5,5,5,6,5,5,4,4,6,6,6,6,6,5,6,5,6,2,2,2,3,3,2,2,3,3,3,2,2,5,5,6,6,6,6,2,1993,5,2,1,317
169,1310,5,2,0,0,1,0,4,0,0,0,1,0,0,3,0,0,0,0,0,0,0,0,1,0,0,0,1,1,3,3,5,4,5,4,6,4,4,4,4,4,4,4,4,4,4,4,5,4,4,4,4,4,5,3,4,5,4,4,4,4,5,5,4,5,3,5,4,3,4,4,6,6,7,7,7,5,6,4,3,2,2,1,2,2,3,3,2,3,5,5,6,6,4,4,5,1,1993,5,2,1,280
170,227,6,4,1,0,0,0,1,0,0,1,1,0,0,2,0,1,0,0,0,0,0,0,1,0,0,0,2,1,6,5,6,6,5,4,7,5,5,5,6,5,6,5,5,5,4,4,4,5,4,5,5,6,3,7,5,5,4,4,6,5,7,6,5,5,6,5,4,5,6,7,6,7,4,6,7,5,7,2,1,1,1,1,5,1,1,1,4,4,1,5,3,6,7,7,4,2,1992,5,2,1,315
171,417,5,3,1,0,0,0,1,0,0,0,1,0,0,3,0,0,0,0,0,0,1,0,0,0,0,0,1,4,4,4,4,6,3,5,5,2,3,4,4,4,5,6,3,6,2,6,6,1,1,5,5,3,3,3,2,3,2,2,3,3,3,3,2,5,3,2,3,2,3,6,4,6,7,7,7,7,7,1,1,1,1,1,1,1,1,1,1,1,1,1,1,4,4,4,4,1,1990,6,2,1,225
172,564,4,4,1,0,0,0,1,0,0,0,1,0,0,1,0,1,0,0,0,0,0,0,0,0,0,0,3,2,6,6,6,3,1,2,6,5,6,6,5,6,6,6,5,5,5,5,4,3,3,2,2,1,1,5,1,1,1,2,1,2,4,1,5,5,5,4,3,4,3,4,3,5,2,2,3,4,5,1,2,2,2,1,3,1,1,3,1,5,1,2,3,3,3,2,6,2,1992,5,2,1,223
173,288,6,6,1,0,1,0,1,0,1,0,0,0,0,1,0,1,0,0,0,0,0,0,1,0,0,0,1,5,5,6,6,5,5,5,5,6,6,7,6,6,3,4,3,4,5,6,6,3,3,3,3,5,5,5,5,5,3,5,6,6,6,6,6,6,6,6,6,6,5,5,5,5,5,6,6,6,6,5,3,3,3,3,3,3,3,5,5,5,5,5,5,6,6,6,6,2,1991,5,2,1,333
174,431,5,6,1,1,0,0,4,0,1,0,1,0,0,2,0,0,0,0,0,0,1,1,1,0,0,0,3,6,7,7,7,6,4,4,6,5,7,7,6,6,6,4,4,4,5,4,4,4,4,5,4,3,2,2,3,4,5,3,6,6,7,7,5,4,6,6,6,5,3,5,5,5,4,6,5,6,5,1,2,2,2,2,1,1,2,1,1,1,1,3,4,5,5,5,4,1,1990,6,2,1,287
175,500,4,6,0,0,1,0,3,0,0,0,1,0,0,3,0,0,1,0,0,0,0,0,1,0,0,0,2,2,6,6,5,6,4,4,6,6,6,6,5,6,4,5,4,5,5,4,5,4,5,5,5,5,4,4,4,4,4,5,5,6,6,5,5,5,4,5,5,4,6,6,6,5,5,4,5,5,5,6,6,5,5,5,5,6,5,5,4,5,5,5,4,5,4,4,5,1,1992,5,5,1,333
176,500,4,3,1,0,1,0,4,0,0,1,1,0,0,2,0,0,1,1,0,0,1,0,0,0,0,0,3,7,6,6,6,6,6,6,5,5,5,7,7,7,6,6,5,6,5,5,6,6,5,5,5,6,6,6,6,6,6,6,6,6,6,5,6,6,6,6,6,6,5,6,6,6,6,5,6,6,6,5,5,5,5,1,2,1,1,2,1,2,1,4,4,6,6,6,6,1,1991,5,5,1,348
177,479,4,4,1,0,1,0,4,0,0,1,1,0,0,1,0,0,0,0,0,0,1,0,0,0,0,0,7,7,7,7,7,6,4,4,4,4,5,6,6,6,5,6,5,6,5,5,5,5,6,5,6,5,5,6,6,5,4,5,5,4,4,4,6,5,5,5,5,5,6,6,6,6,6,6,6,6,6,4,5,4,5,5,4,4,5,5,4,5,4,7,6,5,5,5,5,2,1992,6,2,1,350
178,387,5,6,1,1,0,0,1,0,1,0,1,0,0,3,0,1,0,0,0,0,0,0,1,0,0,0,6,7,5,5,5,6,6,4,6,6,6,6,6,6,5,6,5,6,6,7,6,5,5,6,5,5,4,5,5,5,6,5,6,5,6,6,6,6,5,6,6,6,5,6,6,6,6,6,7,7,6,2,2,1,2,2,4,3,5,5,2,5,2,6,6,6,6,5,6,2,1992,5,5,1,347
179,1510,4,6,1,0,1,0,4,0,1,0,0,0,1,2,0,0,0,1,0,0,1,1,0,0,0,0,5,3,7,7,1,4,4,4,7,4,7,7,7,7,4,4,4,7,7,7,5,4,6,4,5,5,4,7,4,5,4,5,4,4,5,5,4,4,3,4,6,5,4,5,4,5,4,4,4,4,4,5,5,4,4,5,4,4,4,4,3,3,3,5,3,4,4,7,5,2,1963,5,12,6,315
180,667,4,5,0,0,1,0,4,0,0,0,1,0,0,3,0,0,0,0,0,0,0,1,0,0,0,0,2,2,5,7,5,4,3,3,4,5,7,7,5,5,5,5,5,6,6,4,3,3,4,4,4,4,4,5,4,5,6,4,4,7,7,7,5,4,6,2,2,4,4,4,4,4,4,4,4,6,4,4,3,3,3,3,2,2,2,2,2,2,2,4,4,4,4,4,4,1,1990,5,2,1,281
181,299,5,4,1,0,1,0,4,0,0,1,1,1,0,2,0,0,0,0,0,0,0,1,0,0,0,0,2,2,6,5,5,6,3,4,3,3,3,4,4,4,4,4,4,4,4,4,4,4,4,4,4,5,5,5,5,4,4,4,4,4,4,4,4,4,4,3,4,4,4,4,4,4,4,4,4,4,4,2,2,2,2,2,2,2,2,2,2,2,2,3,3,5,5,5,5,2,1994,5,2,1,251
182,469,5,6,1,1,0,0,5,0,0,1,1,0,0,3,0,1,0,0,0,0,0,1,1,0,0,0,5,4,7,7,7,6,5,6,6,6,7,7,7,7,7,6,5,7,6,6,6,7,5,5,5,5,6,6,6,7,7,6,6,6,6,6,6,6,6,5,5,6,7,7,7,7,7,7,7,7,7,1,3,1,1,1,1,1,1,1,1,2,1,5,5,6,6,6,5,1,1993,5,2,1,355
183,360,6,5,1,0,0,0,1,0,0,0,1,0,0,1,0,0,0,0,0,0,0,0,1,0,0,0,1,7,7,7,7,7,4,4,4,4,4,7,7,7,4,5,3,4,3,2,4,3,2,2,2,4,3,3,3,3,3,3,3,3,3,3,3,3,2,2,2,2,7,7,7,7,7,7,7,7,7,2,2,2,2,2,2,1,1,1,1,1,1,6,2,7,7,7,4,2,1994,5,2,1,265
184,199,4,4,1,0,0,0,4,0,0,0,1,0,0,2,0,1,0,0,0,0,0,0,0,0,0,0,3,3,1,3,4,4,4,4,4,4,4,5,5,6,5,6,5,5,5,6,5,4,6,4,4,4,3,2,6,6,6,6,6,6,6,6,6,6,5,4,4,4,5,6,6,6,6,5,5,4,5,5,3,4,5,5,4,5,5,5,5,4,4,4,5,5,5,5,6,1,1992,5,2,1,321
185,226,5,4,1,0,0,0,1,0,0,1,1,0,0,1,0,0,0,0,0,0,0,1,1,0,0,0,2,7,7,7,6,7,7,7,6,5,7,6,5,6,7,6,7,7,7,5,7,7,5,6,7,7,1,7,1,7,7,7,7,7,7,7,1,1,1,7,7,7,7,7,7,7,7,6,7,7,7,1,1,1,1,1,1,1,1,1,1,1,1,5,4,6,5,5,5,1,1992,5,2,1,340
186,257,6,5,1,1,1,0,4,0,1,0,1,1,0,1,0,0,1,1,0,0,1,1,1,0,0,0,2,4,5,5,3,5,3,5,3,3,4,5,5,5,6,6,5,5,6,6,6,7,3,7,6,6,6,7,5,3,5,5,4,6,6,6,5,5,5,7,7,7,5,6,6,6,4,4,4,4,4,1,1,1,2,1,1,1,1,1,2,2,1,5,4,5,5,5,5,1,1994,5,2,1,296
187,385,5,5,1,0,1,0,5,0,0,0,1,0,0,2,0,0,1,0,0,0,0,0,0,0,0,0,2,3,6,6,6,4,2,4,5,5,5,5,5,5,4,6,4,5,5,4,6,5,3,3,4,5,5,5,5,3,3,3,3,3,3,3,3,3,3,5,6,3,4,4,4,4,4,6,4,6,5,1,1,1,1,2,1,4,1,1,4,1,1,3,3,5,5,6,2,2,1992,5,2,1,255
188,181,1,1,1,1,1,0,4,0,0,0,1,0,0,1,0,0,1,0,0,0,1,0,0,0,0,0,2,4,7,7,7,7,7,7,7,7,7,7,7,7,7,7,7,7,7,7,7,7,7,7,7,7,7,7,7,7,7,7,7,7,7,7,7,7,7,7,7,7,7,7,7,7,7,7,7,7,7,7,7,7,7,7,7,7,7,7,7,7,7,7,7,7,7,7,7,2,1995,5,2,1,469
189,288,6,5,1,0,0,0,1,0,0,0,1,0,0,2,0,0,0,0,0,0,0,0,1,0,0,0,7,5,7,7,7,5,6,5,6,5,5,6,6,5,5,5,6,5,6,5,5,6,5,5,5,5,5,5,5,5,5,5,5,5,4,5,5,5,5,5,5,5,5,6,5,5,6,5,5,5,5,5,5,5,5,5,5,6,5,5,5,5,6,5,5,6,6,6,6,1,1982,5,12,3,355
190,358,5,1,0,0,1,0,3,0,0,0,1,0,0,2,0,0,0,0,0,0,0,1,0,0,0,0,1,3,6,6,5,6,4,5,7,6,6,7,7,5,4,5,4,4,5,4,6,3,4,5,4,4,4,3,5,3,4,5,6,4,4,4,6,4,5,6,5,4,5,5,5,4,4,4,5,7,5,3,3,3,3,3,2,2,3,2,2,2,2,4,3,3,3,2,1,1,1991,5,2,1,284
191,524,3,4,1,0,1,0,4,0,0,1,1,0,0,2,0,0,0,0,0,0,0,1,1,0,0,0,1,6,6,6,6,7,5,5,4,5,6,6,6,6,6,6,6,6,6,5,5,5,6,5,5,5,5,5,5,5,5,5,5,6,6,6,6,6,6,6,6,6,6,6,6,6,5,5,5,5,6,5,6,6,5,6,6,5,5,6,6,6,5,5,5,6,6,7,6,1,1993,5,2,1,375
192,329,6,4,1,1,1,0,4,1,1,1,1,1,0,2,1,0,0,0,0,0,0,1,0,0,0,0,4,3,6,6,6,6,2,3,5,4,5,6,6,6,4,6,5,6,6,6,6,2,2,2,2,4,3,4,4,5,5,6,6,3,3,6,6,4,4,6,5,5,2,2,4,5,3,1,3,5,3,1,1,1,1,1,1,1,1,1,1,1,1,2,2,4,5,5,4,1,1993,5,5,1,249
193,225,5,6,1,1,0,0,4,0,1,0,1,0,0,3,0,0,0,0,1,0,0,0,0,0,0,0,1,7,7,7,7,7,7,7,7,7,7,7,7,7,7,7,7,7,7,7,7,7,7,7,7,7,1,7,1,7,7,7,7,6,7,7,7,7,7,7,7,7,7,7,7,7,7,7,7,7,7,1,1,1,1,1,1,1,1,1,1,1,1,1,1,4,4,4,4,2,1993,5,2,1,360
194,214,5,2,1,1,0,0,4,0,0,1,1,0,0,2,0,0,0,0,0,0,0,1,1,0,0,0,3,5,7,7,7,7,4,7,7,6,6,6,7,6,4,7,7,7,7,6,7,7,7,7,7,7,7,7,7,7,6,7,7,6,6,7,7,6,7,7,6,7,3,5,5,5,7,7,6,6,6,3,3,7,3,4,4,4,4,4,4,7,4,4,4,4,5,4,4,2,1993,5,2,1,390
195,545,6,6,1,1,1,0,4,0,1,0,1,1,0,3,0,1,1,0,1,1,1,1,0,0,0,0,4,7,7,7,7,7,6,6,5,3,5,7,7,7,4,7,4,6,7,7,7,6,3,5,5,6,6,6,1,5,5,4,5,5,5,4,4,4,4,5,3,5,4,4,4,4,4,4,4,4,4,2,2,2,2,2,2,2,2,2,2,2,2,4,4,4,4,4,4,2,1993,5,2,1,296
196,477,5,5,1,0,0,0,4,0,1,1,1,0,0,1,0,0,1,0,0,0,0,1,1,0,0,0,2,3,7,7,7,7,5,5,6,5,7,7,7,6,6,7,6,7,7,7,7,7,5,6,4,7,4,7,4,4,4,4,1,1,1,1,2,5,4,7,5,7,5,5,5,5,5,5,5,5,5,2,2,2,2,2,2,2,2,2,2,2,2,2,1,4,4,4,4,2,1993,5,2,4,301
197,488,6,6,1,0,1,0,4,0,0,1,1,1,0,2,0,0,0,0,1,0,0,1,1,1,0,0,1,4,7,7,6,5,1,5,5,4,5,6,6,6,4,5,5,5,7,7,7,4,2,2,2,4,2,4,2,2,2,2,4,4,4,4,2,2,2,4,6,6,3,5,4,5,6,4,3,6,5,1,1,1,1,1,1,1,1,1,1,1,1,2,2,5,5,7,4,2,1986,4,5,6,247
198,201,5,1,0,0,1,0,4,0,0,1,1,0,0,3,1,0,0,0,0,0,0,0,0,1,0,0,2,2,4,6,4,7,6,5,5,6,5,5,5,6,6,6,6,6,6,7,6,7,6,7,6,7,6,7,6,7,6,7,7,6,7,7,7,6,7,7,6,7,6,6,7,7,6,6,6,6,7,2,2,3,3,3,3,3,3,3,3,3,3,3,3,3,3,3,3,1,1989,5,5,1,355
199,309,4,3,1,0,0,0,1,1,1,1,1,0,0,2,0,0,0,1,0,0,0,0,1,0,0,0,1,2,4,4,4,6,3,4,2,2,2,5,4,3,5,4,3,3,2,2,2,1,1,1,1,1,1,1,1,1,1,1,1,1,1,1,1,1,1,6,6,4,4,4,4,4,4,4,4,4,4,2,2,2,2,2,3,2,2,2,2,2,2,1,1,4,4,4,4,1,1993,5,2,1,177
200,472,5,5,1,0,0,0,1,1,0,0,1,0,0,3,0,0,0,1,0,0,1,1,0,0,0,0,3,2,4,6,5,6,5,6,6,6,6,6,6,4,6,6,6,6,6,6,6,4,4,4,4,4,4,4,4,4,4,4,4,4,4,4,4,4,4,4,4,4,4,4,4,4,4,4,4,4,4,4,4,4,4,4,3,3,3,3,3,3,3,6,6,6,6,6,6,2,1993,5,2,1,305
201,297,4,5,1,0,1,0,4,0,0,0,1,0,0,1,0,0,0,0,0,0,0,0,1,0,0,0,2,7,4,4,4,2,2,2,4,4,6,5,7,4,5,5,5,4,4,4,4,1,2,4,4,5,5,6,5,5,4,4,6,3,4,4,4,6,5,7,7,7,4,7,4,6,5,4,6,5,5,1,2,3,4,4,2,5,3,3,3,5,5,7,7,6,6,4,5,1,1994,5,2,1,298
202,191,5,6,1,1,1,0,4,0,1,0,1,0,0,2,0,1,1,1,1,1,1,1,1,1,0,0,7,7,4,5,4,4,3,4,3,4,3,3,4,5,3,4,4,5,4,5,4,4,3,5,4,4,3,5,4,4,5,4,4,4,4,4,4,4,4,4,4,4,4,5,4,4,4,4,4,3,4,4,3,4,4,4,4,4,4,4,5,4,4,3,4,4,3,4,4,1,1992,5,2,1,266
203,254,5,6,1,0,0,0,1,0,0,1,0,0,0,1,0,1,0,0,0,0,0,1,0,0,0,0,2,2,7,7,7,7,7,7,7,7,7,7,7,7,7,7,7,7,7,7,7,7,7,7,7,7,7,7,7,7,7,7,5,7,7,5,7,7,7,7,7,7,7,7,7,7,7,7,7,7,7,4,4,5,4,4,1,1,1,1,1,1,1,7,7,7,7,7,7,1,1992,5,5,1,409
204,360,5,3,0,0,1,0,3,0,0,0,0,1,0,2,0,0,0,0,0,0,0,0,1,1,1,0,1,5,6,7,6,6,6,5,6,6,6,5,5,6,5,7,5,6,6,7,5,3,3,2,4,5,4,5,4,4,4,4,4,5,4,4,4,3,4,4,5,4,4,4,5,4,5,5,5,4,4,5,5,4,3,5,4,4,4,3,4,6,4,4,4,4,3,5,4,1,1993,5,2,1,309
205,198,5,1,1,0,0,0,1,0,0,0,1,0,0,3,0,0,1,0,0,0,1,1,0,0,0,0,1,2,5,6,7,5,3,5,5,7,5,5,4,6,5,3,5,6,5,3,6,5,4,5,6,4,5,4,4,6,5,4,4,5,5,4,4,6,4,4,4,4,4,7,4,5,5,6,5,5,6,4,6,5,5,6,6,5,5,5,4,4,6,4,5,3,4,5,5,2,1992,5,2,1,326
206,556,4,4,1,0,0,0,1,0,0,1,1,0,0,2,0,0,1,0,1,0,0,1,0,0,0,0,2,4,7,7,7,5,4,4,5,4,4,6,6,5,4,7,6,5,6,6,6,5,4,6,6,6,4,5,4,3,3,3,4,3,3,3,4,5,5,5,6,6,6,6,6,6,6,6,6,6,6,1,1,1,1,1,5,1,4,1,1,1,1,5,5,5,5,5,6,2,1994,5,2,1,301
207,625,6,6,1,1,1,0,4,0,0,1,1,0,0,2,0,0,1,0,0,0,1,1,0,0,0,0,7,7,7,7,7,7,6,6,6,5,7,6,6,5,7,4,7,7,2,2,5,7,1,7,7,7,6,7,2,5,6,3,7,5,5,5,7,5,7,7,7,6,5,7,7,7,2,5,7,5,7,1,1,1,3,5,1,1,5,1,4,1,1,5,4,4,5,5,5,2,1993,5,2,1,333
208,1462,5,6,1,1,1,0,1,0,1,0,1,0,0,1,0,0,0,1,0,0,0,1,1,0,0,0,7,7,5,5,5,4,3,5,6,4,6,6,6,6,4,4,5,4,5,5,5,3,3,5,4,3,4,5,3,3,3,3,5,5,5,5,5,4,5,5,4,5,1,3,3,3,5,5,4,5,5,1,1,1,1,1,1,1,1,1,1,1,1,4,4,4,4,5,4,2,1988,6,12,1,251
209,282,5,4,1,0,0,0,1,1,0,0,0,0,0,2,0,0,0,0,0,0,0,0,1,0,0,0,5,4,6,4,6,7,6,5,7,6,6,5,5,5,5,5,5,5,5,5,5,5,4,4,4,3,4,4,2,3,4,3,3,3,3,3,5,5,5,5,5,5,7,7,7,7,3,2,2,2,2,6,1,1,1,1,1,1,1,1,3,1,2,2,2,6,6,6,5,2,1993,5,2,1,271
210,225,4,5,1,0,0,0,4,0,0,0,1,0,0,3,0,0,1,0,0,0,1,1,1,0,0,0,2,2,4,4,4,4,4,4,4,4,4,4,4,4,4,4,4,4,4,4,4,4,4,4,4,4,4,4,4,3,4,5,4,4,3,4,3,3,4,5,4,4,4,3,4,4,5,3,4,4,4,4,4,3,4,5,4,4,4,3,4,3,4,3,4,4,4,3,5,2,1992,5,2,1,262
211,426,5,3,1,0,0,0,4,0,0,0,1,0,0,2,0,0,0,0,0,0,0,0,1,0,0,0,2,4,5,4,4,3,4,4,4,5,3,4,3,5,6,3,3,5,6,5,3,3,5,4,4,4,6,4,5,4,3,5,3,6,5,4,5,4,3,4,5,4,6,4,5,5,4,4,5,5,4,5,4,4,5,5,5,4,4,5,5,4,4,4,5,4,5,5,5,1,1993,5,2,1,293
212,361,5,2,1,0,0,0,1,0,0,0,1,0,0,3,0,1,0,0,0,0,0,1,0,0,0,0,1,5,5,5,5,5,5,4,5,5,5,5,5,5,5,5,5,5,5,5,5,5,5,5,5,5,5,5,5,5,5,5,5,5,5,5,5,5,5,5,5,5,5,5,5,5,5,5,5,5,5,5,5,5,5,5,5,5,5,5,5,5,5,5,5,5,5,5,5,1,1993,5,2,1,334
213,146,5,4,0,0,1,0,3,0,0,0,1,0,0,3,0,0,0,0,0,0,0,1,0,0,0,0,1,1,7,7,7,7,7,7,7,7,7,7,7,7,7,7,7,7,7,7,7,7,7,7,7,7,7,7,7,7,7,7,7,7,7,7,7,7,7,7,7,7,7,7,7,7,7,7,7,7,7,7,7,7,7,7,7,7,7,7,7,7,7,7,7,7,7,7,7,1,1994,5,2,1,469
214,236,4,4,1,1,0,0,5,0,0,1,1,0,0,3,0,1,0,0,0,0,0,0,1,0,0,0,1,4,4,4,4,4,4,4,4,4,4,4,4,4,4,4,4,4,4,5,4,4,5,4,5,4,4,4,4,4,4,4,4,4,4,4,4,4,4,4,4,4,4,4,4,4,4,4,5,5,4,4,4,5,5,4,4,4,5,4,5,4,4,4,3,4,4,4,4,2,1993,5,2,1,276
215,736,4,5,1,0,0,0,4,0,0,1,1,1,0,3,0,0,0,0,0,0,0,1,1,0,0,0,1,2,7,7,7,6,6,6,6,5,6,6,7,6,5,5,5,5,5,4,4,3,3,3,3,3,3,4,3,4,4,4,5,5,5,5,4,4,4,3,3,3,5,5,5,5,5,5,5,5,5,2,2,2,2,2,2,2,2,2,2,2,2,4,4,4,4,4,4,1,1993,5,2,1,279
216,204,5,6,1,1,1,0,2,0,0,0,1,0,0,1,0,0,0,0,0,0,0,1,0,0,0,0,1,2,6,5,6,4,4,4,6,6,6,6,6,6,6,6,6,6,6,6,6,6,6,6,6,6,6,6,6,6,6,6,6,6,6,6,6,6,6,6,6,6,6,6,6,6,6,6,6,6,6,6,6,6,6,6,6,6,6,6,6,6,6,6,6,6,6,6,6,2,1994,5,2,1,395
217,288,4,2,0,0,1,0,4,0,0,0,1,0,0,1,0,0,1,0,0,0,0,0,0,0,0,0,1,3,5,5,3,3,3,7,3,4,7,5,3,6,3,4,6,5,5,5,3,5,4,5,3,4,5,4,6,4,6,3,3,4,3,5,4,3,5,5,4,6,4,6,4,5,6,3,5,5,4,5,4,4,2,5,2,5,4,4,3,4,6,4,3,4,5,3,4,2,1993,5,2,1,289
218,491,5,4,1,1,1,0,4,0,1,0,1,0,0,3,0,0,0,0,1,1,0,0,0,0,0,0,5,5,7,7,7,7,4,4,7,6,5,6,6,6,6,6,6,5,5,6,6,5,6,5,5,5,4,5,4,6,6,6,5,5,4,4,6,6,6,7,4,5,5,6,6,6,5,7,6,6,6,4,4,4,5,3,3,3,3,3,3,3,3,4,4,6,6,6,6,2,1992,5,2,1,347
219,129,1,3,0,1,1,0,1,1,1,0,0,0,0,3,0,0,1,0,1,0,0,0,0,0,0,0,2,4,4,4,4,3,4,3,3,4,4,3,3,4,4,4,4,4,4,3,3,3,2,5,4,4,3,3,4,4,4,3,3,3,4,4,5,4,1,3,1,1,3,3,3,3,2,3,3,3,3,3,3,2,2,2,3,3,2,2,2,2,2,4,4,3,3,3,2,1,1993,7,1,1,210
220,391,5,4,1,1,0,0,5,0,0,1,1,0,0,1,0,0,0,1,0,0,1,0,1,0,0,0,2,2,4,4,5,5,2,2,3,2,5,5,5,4,5,5,3,4,4,3,3,5,3,5,3,3,4,6,4,3,3,3,5,4,5,4,3,4,3,5,5,3,5,7,5,5,3,7,7,5,7,4,4,4,4,4,4,4,4,4,4,5,4,3,1,5,5,5,6,2,1994,5,2,1,281
221,239,5,4,1,0,1,0,4,0,0,0,1,0,0,1,0,0,0,1,1,0,0,1,0,0,0,0,2,2,2,3,2,2,3,2,5,2,4,4,3,4,4,4,3,4,4,5,4,5,5,3,4,5,5,5,5,5,4,5,4,3,5,3,5,3,4,3,4,3,5,3,5,3,5,5,3,5,4,4,5,3,5,4,5,4,5,5,4,3,4,3,4,3,5,4,4,1,1970,1,11,1,264
222,512,5,4,1,1,0,0,4,0,0,1,1,0,0,2,0,0,0,1,0,0,0,0,1,0,0,0,2,3,7,7,7,6,2,3,5,5,5,4,4,4,4,4,4,4,4,5,5,3,3,3,3,4,4,4,4,5,4,5,4,4,4,4,4,4,4,4,4,4,4,4,4,4,4,4,4,4,4,4,4,4,4,4,4,4,4,4,4,4,4,2,3,4,4,4,4,1,1993,5,2,1,276
223,327,5,6,1,0,1,0,4,0,0,1,1,0,0,1,0,1,0,1,0,0,0,0,1,0,0,0,3,7,6,6,6,6,4,5,6,5,5,6,6,5,6,6,5,5,6,5,5,3,2,4,4,6,6,6,5,6,5,5,6,6,6,5,5,5,5,5,5,5,6,6,6,6,6,6,6,6,6,2,2,2,2,2,3,2,3,3,2,2,2,5,5,6,6,6,6,2,1993,5,2,1,324
224,379,5,4,1,1,1,0,4,0,0,0,1,0,0,3,0,0,0,0,0,0,0,1,0,0,0,0,3,4,7,7,7,5,2,2,5,3,3,7,7,7,5,7,7,7,7,4,4,7,1,7,7,4,4,6,1,1,1,1,4,1,1,1,4,1,1,7,4,7,4,7,7,7,7,7,7,7,7,3,3,1,1,1,1,1,1,1,1,1,1,5,5,7,7,7,7,1,1993,5,2,4,288
225,270,6,2,1,0,0,0,1,0,0,0,1,0,0,2,0,0,0,0,0,0,0,0,1,0,0,0,2,4,6,6,5,6,4,4,6,3,3,5,5,6,5,5,5,5,4,4,4,5,5,5,5,6,6,6,6,6,3,6,4,4,4,4,5,4,5,3,3,3,6,5,5,5,5,5,5,5,5,1,2,2,2,1,1,1,1,1,1,1,1,2,2,6,5,5,5,2,1993,5,2,1,275
226,449,3,3,1,0,1,0,3,0,0,0,1,0,0,2,0,0,0,0,0,0,1,1,1,0,0,0,1,3,6,6,6,4,4,6,4,4,6,6,6,6,5,4,4,4,6,6,6,4,4,5,5,4,5,6,5,4,4,4,4,6,5,5,5,5,5,4,4,5,6,6,6,6,6,6,5,6,6,3,5,5,3,4,3,3,3,3,3,3,3,4,4,4,4,5,4,2,1994,5,2,1,316
227,202,5,1,1,0,0,0,2,0,0,1,0,0,0,1,0,0,1,0,0,0,0,0,0,0,0,0,2,3,7,7,7,7,7,7,7,7,7,7,7,7,7,7,7,7,7,7,7,7,7,7,7,7,7,7,7,7,7,7,7,7,7,7,7,7,7,7,7,7,7,7,7,7,7,7,7,7,7,7,7,7,7,7,7,6,5,6,6,5,5,5,7,5,6,5,6,2,1992,5,2,1,452
228,634,6,6,0,0,1,0,3,0,0,0,1,0,0,2,0,1,1,0,1,0,0,1,0,0,0,0,2,7,7,7,7,6,4,4,6,4,4,6,7,5,4,6,5,5,7,5,6,3,4,6,6,4,5,6,5,6,5,5,3,5,4,3,7,4,6,6,6,5,3,6,5,4,6,3,5,5,6,3,4,3,3,4,3,4,3,3,4,3,3,4,4,4,4,5,5,2,1991,5,5,1,318
229,138,2,1,1,0,0,0,1,0,1,0,0,0,0,3,0,0,0,1,0,0,0,0,1,0,0,0,2,1,5,4,5,5,5,5,5,5,6,6,6,6,6,6,6,6,7,7,7,5,5,5,5,3,3,3,3,5,5,5,5,5,5,5,5,5,5,5,6,5,6,6,6,6,6,6,6,6,6,2,2,2,2,2,2,2,2,2,2,2,2,6,6,6,6,6,6,2,1993,5,2,1,320
230,566,5,6,1,0,1,0,4,0,0,0,1,0,0,2,0,1,0,1,0,0,1,1,1,0,0,0,7,7,5,6,5,4,3,3,4,5,6,7,6,6,7,7,5,5,5,3,5,5,3,4,4,6,6,6,6,5,5,5,4,4,4,3,6,4,5,5,3,6,7,7,7,7,5,5,7,5,7,3,6,1,7,2,6,2,4,7,2,6,2,6,6,6,6,6,6,2,1993,5,2,1,337
231,3207,6,4,0,0,1,0,3,0,1,0,0,0,0,2,0,0,0,0,0,1,0,0,0,0,0,0,5,5,5,4,2,5,4,6,4,2,5,3,5,6,4,4,4,4,4,2,5,4,5,5,6,4,2,5,4,4,3,2,3,4,5,6,4,4,4,5,3,5,4,5,6,3,6,4,3,7,5,5,4,3,6,3,5,3,6,5,3,5,7,2,6,4,2,6,3,1,1994,5,2,1,286
232,3642,6,6,1,0,1,0,5,0,0,1,1,1,0,3,0,1,0,0,0,0,0,0,1,0,0,0,2,3,7,7,7,5,5,4,6,6,6,6,6,6,5,6,6,6,6,6,6,6,5,5,4,4,4,4,4,4,4,5,6,6,6,6,6,6,6,6,5,6,5,5,5,6,6,6,6,6,6,3,3,3,3,3,3,3,3,3,3,4,4,5,5,5,5,5,6,2,1992,5,2,1,340
233,467,5,6,1,0,1,0,5,0,1,0,1,0,0,2,0,0,0,0,0,0,0,1,0,0,0,0,1,3,4,3,4,5,4,3,3,4,3,4,3,3,3,2,2,2,3,3,3,1,1,1,1,1,1,1,1,1,1,1,4,3,4,4,1,1,1,1,1,1,3,3,3,3,3,3,3,3,2,1,1,1,1,1,1,1,1,1,1,1,1,1,1,2,2,2,1,2,1992,6,2,1,140
234,515,6,5,0,1,1,0,4,0,0,0,1,1,0,2,0,0,1,0,1,1,1,1,1,0,0,0,1,6,7,5,6,4,1,2,1,1,2,7,6,6,5,7,5,4,6,6,6,4,1,1,1,4,6,5,5,5,3,5,1,6,6,2,3,5,4,4,5,5,5,4,5,5,5,5,4,6,5,3,3,3,3,3,3,3,3,3,3,3,3,5,4,4,5,4,5,1,1993,5,2,1,275
235,416,5,5,0,0,1,0,4,0,0,0,1,1,0,2,0,0,0,0,0,0,0,1,0,0,0,0,1,4,6,6,6,5,3,3,6,6,6,6,6,6,6,6,4,4,6,5,6,4,4,5,5,4,5,5,5,5,5,5,4,4,4,4,4,4,4,4,4,6,4,5,5,6,4,5,6,6,5,1,1,1,1,1,2,1,1,1,1,1,1,4,4,6,6,6,6,1,1993,5,2,1,287
236,149,5,4,1,0,0,0,4,0,0,1,0,0,0,1,0,0,0,0,0,0,0,0,1,0,0,0,5,6,5,5,5,7,6,6,7,6,6,6,6,7,5,6,5,5,5,5,6,5,6,5,4,6,5,7,5,6,5,6,6,6,5,6,7,6,4,6,5,5,6,5,6,6,4,1,4,5,6,3,4,3,3,4,3,1,1,2,3,2,4,5,5,6,5,7,7,2,1993,5,2,1,336
237,376,5,4,1,0,0,0,1,0,0,0,1,0,0,1,0,0,1,0,0,0,0,0,0,0,0,0,2,2,5,4,6,7,7,7,7,5,7,6,7,4,5,5,4,7,7,7,7,6,5,7,6,7,7,7,7,5,5,6,6,6,5,7,6,2,3,4,5,3,4,5,6,7,5,5,4,4,6,6,5,3,7,7,7,6,5,7,7,6,6,6,6,5,5,6,7,1,1991,4,5,1,382
238,463,4,6,1,0,1,0,4,0,0,1,1,0,0,2,0,0,0,0,0,0,1,1,1,0,0,0,2,3,6,6,5,4,5,4,5,4,4,5,5,5,4,6,4,5,6,5,5,4,4,5,4,4,3,5,3,5,3,3,4,3,3,4,4,3,3,5,3,5,3,6,6,6,4,5,5,4,6,2,2,2,2,3,2,1,2,2,2,2,2,2,2,4,5,5,3,2,1993,5,2,1,263
239,589,2,4,1,0,1,0,4,0,1,0,1,0,0,2,0,1,0,1,0,0,0,1,0,0,0,0,2,3,6,7,6,7,5,5,5,5,5,6,6,6,6,6,6,5,6,6,6,5,5,5,5,5,5,5,5,5,5,5,5,5,6,5,5,5,6,5,5,6,5,5,5,5,5,6,5,5,6,3,1,1,1,2,1,2,1,1,1,5,2,4,3,7,7,7,6,1,1994,5,2,2,320
240,212,6,4,1,0,1,0,4,0,1,0,1,1,0,2,1,1,0,1,0,0,0,0,0,0,0,0,1,7,5,5,5,6,4,4,5,5,5,5,6,6,4,4,5,4,5,4,4,5,5,4,4,4,4,5,5,5,5,4,5,4,4,4,6,6,6,5,5,5,5,5,5,5,5,5,5,5,6,1,1,1,3,3,5,5,4,4,4,4,2,4,5,5,5,5,4,1,1994,5,2,1,302
241,184,5,6,1,0,1,0,4,0,0,0,1,0,0,1,0,0,0,0,0,0,1,0,0,0,0,0,1,1,6,6,6,6,6,6,6,6,6,6,6,6,6,6,6,6,6,6,6,6,6,6,6,6,6,6,6,6,6,6,6,6,6,6,6,6,6,6,6,6,6,6,6,6,6,6,6,6,6,4,4,4,4,4,4,3,4,4,4,4,4,6,6,6,6,6,6,2,1993,5,2,1,377
242,374,5,2,1,0,1,0,4,0,0,0,1,0,0,3,0,0,0,1,0,1,0,1,0,0,0,0,1,2,7,7,7,5,5,5,4,4,4,5,5,5,5,5,5,5,5,5,5,4,5,5,4,4,3,4,4,3,3,3,4,3,3,3,3,4,4,4,3,3,4,4,5,5,4,5,4,5,5,4,4,5,4,4,4,4,4,5,5,4,4,4,4,4,3,4,3,2,1992,5,2,1,288
243,367,6,6,0,0,1,0,4,0,1,0,1,1,0,2,0,0,1,0,1,0,0,1,1,0,0,0,6,7,7,7,7,4,1,5,5,4,6,6,7,7,4,5,3,5,7,7,6,5,6,6,2,2,4,4,4,4,4,5,6,6,6,6,4,4,5,7,7,6,2,6,6,6,2,6,6,5,7,5,2,2,1,1,3,1,1,2,1,1,2,2,5,4,5,4,3,1,1993,5,2,1,297
244,561,4,5,1,0,0,0,1,0,1,0,1,0,0,3,0,0,0,0,0,0,0,0,1,0,0,0,2,1,7,7,7,5,3,1,7,5,7,7,6,6,5,5,5,6,6,6,5,1,1,1,1,7,5,5,3,3,2,3,7,5,7,7,7,5,5,7,1,3,7,7,5,6,7,7,7,7,7,1,1,1,1,1,1,5,1,1,3,1,5,5,5,5,5,5,5,1,1992,5,2,1,304
245,414,5,6,0,0,1,0,4,0,0,0,1,1,0,2,0,1,1,1,1,1,1,1,1,0,0,0,1,7,7,7,7,7,7,7,4,4,6,7,7,7,7,7,7,7,7,7,7,3,3,3,3,4,4,4,4,4,4,4,7,7,7,4,7,7,7,4,4,4,4,4,4,4,4,4,4,4,4,4,4,4,4,4,4,4,4,4,4,4,4,5,5,4,4,4,4,1,1992,5,2,1,334
246,598,6,6,1,0,1,0,4,0,1,1,1,0,0,2,0,1,0,0,0,0,0,0,1,0,0,0,2,5,4,4,3,3,3,4,4,4,5,5,5,5,4,5,5,5,5,5,5,4,3,5,4,4,4,4,4,5,5,3,4,5,5,4,5,5,3,5,5,4,1,3,3,4,1,1,3,5,4,1,1,1,1,1,2,1,1,1,1,1,1,3,2,4,4,5,3,2,1994,5,2,1,232
247,359,5,6,0,0,1,0,4,0,1,0,1,0,0,2,0,0,0,0,0,0,1,1,0,0,0,0,1,7,4,5,4,4,5,4,5,5,5,4,4,4,4,5,5,4,4,5,5,7,5,5,4,4,6,5,6,5,7,5,4,5,5,5,5,5,5,5,6,5,6,6,5,4,5,5,4,4,4,1,1,2,3,3,5,3,4,5,5,3,3,3,3,2,4,2,3,1,1993,3,2,1,292
248,299,5,1,1,1,1,0,1,1,1,0,1,0,0,1,1,0,0,0,0,0,0,0,0,0,0,0,6,3,5,4,6,5,5,6,5,5,5,5,5,5,5,5,5,5,7,6,4,7,4,5,5,5,5,5,5,7,5,6,6,5,5,5,7,5,5,7,5,4,5,5,5,5,4,7,7,4,4,7,6,5,4,4,7,6,5,3,3,4,7,6,5,5,5,5,5,2,1992,5,2,1,349
249,295,5,5,1,0,1,0,4,0,1,0,1,1,0,3,0,0,0,1,0,0,1,1,0,0,0,0,2,4,7,7,7,6,2,4,4,4,4,5,4,5,5,4,4,4,4,4,4,4,4,4,4,7,4,7,4,4,6,5,6,6,6,6,4,6,6,6,6,4,5,5,5,5,5,5,5,5,5,4,4,4,4,4,4,4,4,4,4,4,4,4,3,5,6,6,6,2,1993,5,2,1,320
250,555,6,5,1,0,1,0,4,0,1,1,1,0,0,1,0,1,1,1,1,1,1,1,0,0,0,0,3,4,7,7,7,7,6,6,5,3,3,5,6,6,5,7,5,4,6,7,6,7,4,6,6,5,6,5,6,5,3,5,6,6,6,6,6,5,4,4,6,6,4,6,6,5,5,6,5,6,6,1,1,1,1,1,1,1,1,1,1,1,1,2,2,4,5,6,3,1,1992,5,2,1,304
251,480,6,6,1,1,1,0,5,1,0,0,1,1,0,3,0,0,1,1,0,0,1,0,0,0,0,0,5,7,7,7,7,7,7,7,7,7,7,7,7,7,6,6,6,6,7,7,7,7,7,7,7,7,7,7,7,7,7,7,7,7,7,7,7,7,7,7,7,7,7,7,7,7,7,7,7,7,7,7,7,7,7,7,7,7,7,7,7,7,7,7,7,7,7,7,7,2,1977,5,4,6,465
252,363,6,6,0,0,1,0,4,0,1,0,1,1,0,3,0,0,1,1,0,0,0,1,1,0,0,0,1,6,6,6,6,4,4,5,5,4,4,6,6,5,6,6,6,5,5,4,4,4,4,3,3,3,3,3,3,4,4,4,4,4,3,3,4,4,4,6,6,5,5,5,5,5,4,3,3,5,4,1,1,1,1,1,1,1,1,1,1,1,1,1,1,3,3,3,3,2,1993,5,2,1,243
253,270,6,6,1,0,0,0,4,0,1,1,1,0,0,2,0,1,0,1,0,0,0,0,1,0,0,0,1,1,5,6,6,5,5,5,5,5,4,5,3,5,4,6,5,5,5,4,6,6,3,3,3,6,6,6,6,6,6,6,6,6,6,6,6,6,6,6,4,6,6,4,5,5,6,5,5,5,6,3,3,3,4,3,3,3,3,2,2,2,2,4,4,4,4,4,4,2,1993,5,2,1,313
254,1167,4,4,1,0,1,0,4,0,0,0,1,0,0,1,0,0,0,1,0,1,0,0,0,0,0,0,1,1,6,6,3,3,2,2,2,2,2,2,2,2,2,2,2,2,2,2,2,1,1,1,1,1,1,1,1,1,1,1,1,1,1,1,1,1,1,1,1,1,2,2,2,2,1,1,1,1,1,1,1,1,1,1,1,1,1,1,1,1,1,1,1,4,4,4,4,2,1993,5,2,1,112
255,329,5,5,0,0,1,0,3,0,0,0,1,1,0,2,0,1,0,0,1,0,1,1,1,1,0,0,1,2,4,4,4,4,4,4,4,4,4,4,4,4,4,4,4,4,4,4,4,4,4,4,4,4,4,4,4,4,4,5,2,4,4,4,3,5,5,3,5,5,3,4,4,5,5,5,5,4,5,3,3,4,4,4,4,4,2,2,2,2,2,4,4,4,4,4,5,1,1992,5,2,1,262
256,315,6,4,0,0,1,0,3,0,0,0,0,1,0,2,0,0,0,0,0,1,0,0,0,0,0,0,3,4,5,6,6,7,6,7,6,7,7,7,6,7,7,7,7,6,7,6,7,7,7,6,7,7,7,7,7,7,7,7,7,6,7,7,7,6,7,7,7,7,7,7,7,7,7,7,7,7,7,6,6,6,7,6,7,3,4,4,5,5,3,6,6,6,7,7,7,1,1992,5,2,1,432
257,342,5,5,1,0,0,0,4,0,0,0,1,0,0,2,0,0,1,0,0,0,0,1,0,0,0,0,3,2,4,5,6,5,1,3,4,3,3,6,5,5,5,6,6,5,5,3,3,4,4,4,4,5,5,4,5,5,3,5,5,5,5,5,5,5,5,4,3,5,5,4,5,4,5,5,4,5,4,5,4,5,4,5,5,4,5,4,5,4,5,5,4,5,5,5,5,2,1993,5,2,1,303
258,365,6,4,1,0,1,0,4,0,0,0,1,0,0,2,0,1,1,1,1,1,1,1,0,0,0,0,2,3,5,5,5,6,6,6,5,5,5,5,5,5,5,5,5,5,5,5,5,5,5,3,3,6,5,6,5,6,5,4,6,5,6,4,6,6,6,5,6,5,5,6,5,5,6,5,6,6,5,2,3,2,3,2,2,3,2,3,3,3,2,6,5,5,6,5,6,1,1992,5,2,1,318
259,316,3,4,0,0,1,0,3,0,1,0,1,0,0,2,0,0,1,1,1,1,1,1,0,0,0,0,4,3,5,5,5,5,5,5,5,6,4,5,5,5,5,5,5,5,5,5,5,5,5,5,5,5,4,5,5,5,6,5,6,5,6,6,5,6,5,5,6,5,6,5,6,5,6,5,6,5,6,4,4,3,3,3,3,2,3,2,2,2,3,3,3,4,5,4,5,2,1992,5,4,1,313
260,1052,4,4,1,0,0,0,1,0,0,0,1,0,0,2,0,0,0,0,0,0,0,1,0,0,0,0,2,2,6,6,6,5,4,5,5,5,5,6,5,6,6,6,5,6,5,5,5,4,4,4,4,3,3,4,3,5,4,4,4,3,3,3,5,4,4,3,4,3,2,3,3,3,3,2,3,3,3,2,2,2,2,2,2,2,2,2,2,2,2,3,3,3,3,3,3,2,1979,5,4,6,247
261,546,5,5,1,0,1,0,4,0,1,0,1,1,0,1,0,1,1,1,1,0,1,1,1,0,0,0,4,3,7,7,7,6,5,6,5,3,5,7,7,7,6,6,6,6,7,5,4,6,5,5,6,6,6,6,4,6,6,6,4,6,6,6,5,5,5,6,6,6,6,6,6,4,4,6,6,6,6,1,6,6,1,4,1,1,1,5,1,6,1,6,6,6,6,6,6,2,1994,5,2,1,349
262,260,6,5,1,0,0,0,1,0,0,0,1,0,0,1,0,0,0,0,0,0,0,0,1,0,0,0,7,4,6,3,5,5,4,5,5,4,4,4,6,4,5,3,4,5,5,2,6,4,5,4,6,4,5,5,5,5,4,5,5,4,4,6,5,3,4,3,5,5,5,5,5,4,4,4,4,5,5,5,4,4,3,3,3,4,3,4,3,5,4,4,4,4,6,4,3,2,1993,5,2,1,292
263,370,6,6,1,1,1,0,4,0,1,0,1,1,0,1,0,0,0,0,0,0,1,1,0,0,0,0,7,7,5,5,5,4,4,4,4,4,4,4,4,4,5,4,5,5,4,4,4,4,5,5,5,4,4,7,7,4,6,5,5,4,4,4,4,4,4,4,5,4,5,5,3,6,4,5,4,3,6,4,5,4,6,6,4,5,5,5,5,5,5,5,5,5,5,5,5,1,1986,4,12,5,310
264,311,6,6,1,1,1,0,4,0,0,0,1,0,0,1,0,0,0,0,0,0,1,1,0,0,0,0,2,1,7,7,7,7,7,7,7,7,7,7,7,7,7,7,7,7,7,7,7,7,7,7,7,7,7,7,7,7,7,7,7,7,7,7,7,7,7,7,7,7,7,7,7,7,7,7,7,7,7,7,7,7,7,7,7,7,7,7,7,7,7,7,7,7,7,7,7,1,1985,1,11,1,469
265,349,4,2,0,0,1,0,3,0,0,0,1,0,0,2,0,0,0,0,1,0,0,0,0,0,0,0,2,3,3,2,4,2,2,3,3,2,3,4,1,3,3,2,2,2,3,2,3,7,7,7,3,4,3,4,4,3,5,5,4,5,4,4,3,4,5,4,4,5,3,4,3,4,5,4,3,5,6,3,4,5,5,4,5,4,4,5,5,5,5,2,2,3,3,2,2,2,199502,4,1,2,248
266,398,4,4,0,0,1,0,4,0,0,0,1,0,0,3,0,0,0,1,1,1,1,0,0,0,0,0,1,1,3,4,5,5,5,5,5,5,5,4,4,4,5,5,4,4,5,4,5,5,5,5,5,5,5,5,4,4,4,4,4,4,4,4,4,4,4,3,4,4,4,4,4,4,4,4,4,4,4,4,4,4,4,4,4,4,4,4,4,4,4,4,4,4,4,4,4,2,1995,1,8,3,284
267,443,5,6,1,0,1,0,1,1,0,0,1,0,0,2,0,0,1,0,0,0,0,0,0,0,0,0,2,2,5,7,4,6,5,6,7,6,5,6,6,6,6,6,6,6,6,6,6,6,6,6,6,6,6,6,6,6,5,6,5,5,5,5,6,5,5,5,5,5,6,6,6,6,6,6,6,6,6,6,6,6,6,6,6,6,6,6,6,6,5,6,6,5,5,5,5,2,1990,3,3,4,384
268,270,4,4,1,0,0,0,1,0,0,0,1,0,0,2,0,0,1,0,0,0,0,0,0,0,0,0,3,2,4,4,4,5,4,4,4,4,4,4,4,4,4,4,4,4,4,4,4,4,4,4,4,4,4,4,4,4,4,4,4,4,4,4,4,4,4,4,4,4,4,4,4,4,4,4,4,4,4,4,4,4,4,4,4,4,4,4,4,4,4,4,4,4,4,4,4,2,1993,4,11,2,269
269,258,6,5,0,1,1,0,2,0,1,0,0,0,0,3,0,0,1,0,0,0,0,0,0,0,0,0,1,1,4,4,4,4,4,4,4,4,4,4,4,4,4,4,4,4,4,4,4,4,4,4,4,4,4,4,4,4,4,4,4,4,4,4,3,3,3,4,4,4,4,4,4,4,4,4,4,4,4,4,4,4,4,4,4,4,4,4,4,4,4,3,3,3,4,4,4,1,1987,1,3,2,262
270,234,1,4,1,0,0,0,4,0,0,0,1,0,0,2,0,0,0,0,0,0,0,1,0,0,0,0,3,3,5,4,5,4,5,3,5,4,7,7,2,6,5,4,4,6,5,3,5,5,3,5,6,7,5,2,4,3,6,5,4,6,3,6,5,6,3,6,5,3,5,4,4,5,7,7,7,7,7,4,4,4,5,4,2,2,5,3,5,2,3,3,3,3,4,6,4,2,1990,3,8,1,306
271,665,6,5,1,0,0,0,1,0,0,1,1,0,0,1,0,0,0,0,0,0,1,1,1,0,0,0,1,1,6,6,5,6,6,6,6,6,6,6,5,6,7,6,6,7,6,6,7,7,7,6,6,6,7,7,7,6,5,6,7,6,6,7,6,7,6,6,6,7,6,7,6,6,7,7,6,6,7,1,1,1,1,1,1,1,1,1,1,1,1,5,6,5,6,6,6,1,1988,2,1,5,353
272,369,4,5,1,0,0,0,1,0,0,0,1,0,0,1,0,0,0,1,0,0,0,1,0,0,0,0,7,7,7,7,5,3,2,3,5,3,5,6,6,4,3,5,5,2,5,2,2,2,2,2,2,4,6,6,6,6,4,4,6,6,6,6,6,6,6,6,2,2,6,6,6,6,6,6,6,6,6,2,2,2,2,2,2,2,2,2,2,2,2,2,3,6,6,6,6,2,1994,5,2,1,283
273,337,4,4,0,0,1,0,3,0,0,0,1,0,0,2,0,0,0,0,0,0,1,0,0,0,0,0,1,2,4,6,6,5,3,5,4,4,4,6,6,6,5,5,5,5,5,4,4,5,4,3,4,4,4,5,5,4,4,4,4,4,4,5,4,4,4,5,4,5,5,5,5,5,5,5,5,5,5,3,3,3,3,3,3,3,3,3,3,3,3,4,4,4,4,4,4,2,1994,5,2,1,286
274,457,5,5,0,0,1,0,4,0,0,0,1,0,0,1,0,0,0,0,0,0,0,0,1,0,0,0,2,1,7,7,7,7,7,7,2,2,2,7,7,7,4,5,5,4,6,6,6,7,3,7,3,6,6,6,5,5,3,4,5,5,5,5,4,4,4,2,2,3,4,4,5,5,5,5,5,4,5,1,1,1,1,1,1,1,1,1,1,1,1,6,4,7,7,7,7,2,1994,5,2,1,291
275,242,5,1,1,0,1,0,4,0,0,0,1,0,0,1,0,1,1,1,1,1,1,1,1,0,0,0,1,5,7,7,7,7,7,7,7,7,7,7,7,7,7,7,7,7,7,7,7,7,7,7,7,7,7,7,7,7,7,7,7,7,7,7,7,7,7,7,7,7,7,7,7,7,7,7,7,7,7,7,7,7,7,7,7,7,7,7,7,7,7,7,7,7,7,7,7,2,1993,5,2,1,469
276,283,4,4,1,0,1,0,4,0,0,0,1,0,0,1,0,0,1,0,0,0,0,0,0,0,0,0,2,2,6,6,6,4,2,2,6,6,6,5,3,4,4,4,3,4,4,4,5,4,4,3,4,4,4,3,5,4,3,4,4,5,4,5,4,3,4,4,3,4,4,4,5,5,5,3,4,5,6,2,3,4,5,6,4,3,2,1,3,4,5,4,3,4,5,4,5,2,1992,5,2,1,274
277,184,4,1,1,0,0,0,4,1,0,0,1,0,0,1,0,0,0,0,0,0,1,0,0,0,0,0,1,1,7,7,7,7,7,7,7,7,7,7,7,7,7,7,7,7,7,7,7,7,7,7,7,7,7,7,7,7,7,7,7,7,7,7,7,7,7,7,7,7,7,7,7,7,7,7,7,7,7,1,1,1,1,1,1,1,1,1,1,1,1,7,7,7,7,7,7,2,1994,5,2,6,397
278,144,4,3,1,0,1,1,4,1,1,1,1,1,0,3,0,0,0,0,0,1,0,0,1,0,0,0,1,1,5,1,1,7,4,4,7,2,7,4,4,4,4,4,4,4,4,4,4,5,5,5,5,4,4,4,4,4,4,4,4,4,4,4,4,4,4,4,4,4,4,4,4,4,4,4,4,4,4,4,4,4,4,4,4,4,4,4,4,4,4,4,4,4,4,4,4,2,1994,3,2,1,274
279,344,4,4,1,0,0,0,1,0,1,0,1,0,0,2,0,0,0,1,0,0,0,0,1,0,0,0,4,4,7,7,7,7,7,7,7,7,7,7,7,7,7,7,7,7,7,7,7,7,7,7,7,7,7,7,7,7,7,7,7,7,7,7,7,7,7,7,7,7,7,7,7,7,7,7,7,7,7,1,1,1,1,1,1,1,1,1,1,1,1,7,7,7,7,7,7,1,1992,5,2,1,397
280,162,4,1,1,0,0,0,4,0,0,0,1,0,0,2,0,0,0,0,0,1,0,0,0,0,0,0,4,4,6,4,5,4,5,4,3,4,3,3,5,4,2,5,2,4,3,6,3,2,2,2,4,4,3,3,4,4,3,4,4,3,4,5,4,3,4,4,3,5,2,4,3,5,5,6,6,4,4,2,2,4,7,4,4,3,5,3,5,3,5,4,3,3,3,7,7,2,1993,3,2,1,262
281,483,5,4,1,0,1,0,1,0,1,0,1,0,0,2,0,0,0,0,0,0,0,0,1,0,0,0,5,7,6,6,6,6,3,6,5,6,7,6,7,4,6,6,6,6,4,3,4,4,2,6,7,7,6,7,4,6,5,5,5,5,5,6,6,5,6,7,6,6,1,6,4,5,5,4,6,3,6,2,1,1,2,1,1,1,1,3,3,2,1,7,5,6,6,6,6,2,1993,5,2,1,314
282,551,5,6,1,0,0,0,1,0,0,0,1,0,0,3,0,0,0,1,1,0,0,1,1,0,0,0,7,7,6,7,7,7,4,5,5,5,6,7,7,5,6,6,6,6,7,5,5,6,4,6,6,6,7,7,6,4,4,4,5,7,7,5,5,6,4,5,5,5,5,7,6,6,6,4,6,6,7,1,4,1,1,1,6,1,3,1,1,1,1,6,7,6,6,7,6,2,1993,5,2,1,339
283,470,5,4,1,0,0,0,1,0,1,0,1,0,0,1,0,0,0,0,0,0,1,1,0,0,0,0,1,1,4,6,6,3,3,3,5,4,5,6,6,6,4,4,4,3,5,5,4,2,2,2,4,2,2,2,2,4,3,3,2,2,2,2,2,2,2,2,2,2,2,3,4,4,4,4,5,5,5,2,2,2,2,2,3,2,3,4,3,4,3,2,2,6,4,5,6,2,1993,5,2,1,227
284,207,5,2,1,0,0,0,2,0,0,0,1,0,0,1,0,0,0,0,0,0,0,1,0,0,0,0,3,3,1,1,1,2,2,2,2,2,2,2,3,3,3,2,2,3,2,3,2,2,2,2,3,2,4,3,3,2,2,2,2,2,2,2,1,2,2,2,3,3,2,1,1,1,1,1,1,1,1,1,1,1,1,1,1,1,1,1,1,1,1,7,7,7,7,7,7,1,1991,4,5,2,152
285,372,4,3,1,1,1,0,4,0,0,0,1,1,0,3,0,0,0,0,0,0,1,1,1,0,0,0,1,1,7,7,7,7,4,4,7,5,5,7,7,7,5,6,7,5,7,7,7,7,7,7,7,5,5,7,5,6,6,6,6,7,6,6,6,5,5,5,5,6,6,5,5,5,4,5,4,5,5,4,4,4,5,4,4,4,5,4,5,5,6,5,6,5,4,5,5,1,1992,4,2,1,371
286,339,5,4,1,0,0,0,1,0,0,1,0,0,0,2,0,0,1,0,1,1,0,0,0,0,0,0,4,3,7,7,7,6,2,1,6,2,4,7,7,7,7,6,4,6,7,5,4,5,2,2,1,7,7,7,7,7,7,7,5,7,7,4,2,2,2,7,7,7,5,7,6,7,7,7,7,7,7,2,2,4,2,2,4,1,1,1,1,1,1,4,4,7,7,7,7,2,1994,5,2,1,329
287,337,4,1,1,0,1,0,1,0,0,1,1,1,0,3,0,0,0,1,0,0,1,0,1,0,0,0,2,6,5,5,5,4,3,5,4,3,3,3,3,4,3,4,4,3,4,3,4,4,3,4,3,4,3,5,3,3,4,3,4,4,3,4,3,6,3,4,3,4,3,5,4,4,2,3,2,3,5,3,2,3,2,2,4,1,2,3,1,2,1,3,5,2,2,3,3,2,1993,5,2,1,224
288,374,4,2,1,1,1,0,4,0,0,1,1,1,0,2,0,0,0,0,0,0,0,0,1,0,0,0,1,2,5,4,6,3,4,4,4,5,4,5,5,5,5,4,5,6,5,4,5,5,4,4,5,5,3,4,3,4,4,2,5,5,5,4,4,5,5,4,5,4,4,4,5,5,4,5,4,5,5,5,5,5,4,5,5,4,5,5,5,3,4,5,4,5,4,4,5,2,1991,5,5,1,300
289,481,5,1,1,0,0,0,1,0,1,1,1,0,0,2,0,1,1,0,0,0,0,0,0,0,0,0,3,6,7,7,7,7,7,7,7,7,7,5,5,5,5,5,5,5,6,6,6,6,6,6,6,6,6,6,6,6,6,6,6,6,6,6,6,6,6,6,6,6,5,5,5,5,5,5,5,5,5,5,5,5,5,5,5,5,5,5,5,5,5,6,6,5,5,5,5,2,1994,5,2,1,379
290,458,5,4,1,0,1,0,1,0,1,0,1,0,0,2,0,0,0,0,0,0,0,0,1,0,0,0,2,4,5,4,6,7,6,5,7,3,4,5,7,5,6,7,4,3,7,5,6,5,6,2,7,5,3,6,3,5,7,3,3,7,3,6,7,5,7,6,7,3,6,5,6,6,2,2,4,6,3,6,1,5,6,3,6,4,6,3,6,4,5,5,7,4,5,4,4,1,1992,5,2,1,332
291,393,5,4,0,0,1,0,4,0,0,0,1,0,0,2,0,0,0,0,0,0,1,0,0,0,0,0,1,2,7,7,7,7,7,7,6,5,6,7,7,7,6,6,5,5,7,7,6,5,5,4,4,4,6,5,5,6,5,5,5,5,6,6,5,5,6,6,6,6,6,6,6,6,7,6,6,5,5,1,1,1,1,1,1,1,1,1,1,1,1,6,6,1,1,1,1,2,1993,5,2,1,313
292,326,4,4,0,0,1,0,3,0,0,0,1,0,0,1,0,0,0,0,0,0,1,0,1,0,0,0,1,1,6,6,6,6,7,6,6,6,5,6,5,6,7,6,6,6,6,5,6,6,5,6,6,6,5,5,6,6,5,6,6,5,7,7,6,6,6,6,5,6,6,5,6,6,7,7,6,6,6,3,3,3,3,4,5,4,4,4,4,3,4,6,6,6,6,6,6,1,1991,5,2,1,370
293,662,5,5,1,0,1,0,4,0,1,0,1,1,0,1,0,0,0,1,0,0,1,0,0,0,0,0,2,2,7,5,6,4,3,3,4,3,4,7,5,4,3,4,3,4,3,2,2,1,1,1,1,2,2,3,2,4,4,2,3,3,3,3,3,2,2,2,2,1,2,3,3,3,3,3,3,3,4,1,1,1,1,1,1,1,1,1,1,1,1,3,3,4,4,4,3,2,1992,5,2,1,183
294,368,5,5,1,0,1,0,3,0,0,1,1,0,0,3,0,1,0,0,1,0,0,1,1,0,0,0,7,7,1,2,3,4,5,6,7,6,5,4,3,2,1,2,3,4,5,6,7,6,5,4,3,2,1,2,3,4,5,6,7,6,5,4,2,1,2,3,4,5,6,7,6,5,4,3,2,1,2,3,4,5,6,7,6,5,4,3,2,1,2,3,4,4,5,6,5,1,1994,5,2,1,267
295,183,5,5,1,0,1,0,4,0,1,1,1,0,0,2,0,0,0,0,0,0,1,1,1,0,0,0,3,2,6,6,6,6,6,6,6,6,6,6,6,6,6,6,6,6,6,6,6,6,6,6,6,6,6,6,6,6,6,6,6,6,6,6,6,6,6,6,6,6,6,6,6,6,6,6,6,6,6,2,2,2,2,2,2,2,2,2,1,1,1,6,6,6,6,6,6,2,1994,5,2,1,351
296,414,5,6,1,0,0,0,1,0,1,0,1,0,0,3,0,0,0,0,0,0,0,1,0,0,0,0,1,1,1,1,1,1,2,2,1,1,1,1,1,2,1,2,2,1,1,2,2,1,3,2,1,1,2,2,1,2,3,2,2,2,2,2,1,1,1,1,1,1,1,1,1,1,1,3,3,3,1,2,3,3,3,3,1,2,5,5,5,5,5,1,1,4,4,4,4,2,1992,7,2,1,135
297,236,5,1,1,0,0,0,4,0,0,1,1,0,0,1,0,0,0,0,0,0,1,0,0,0,0,0,7,2,5,5,6,5,5,6,4,5,5,5,4,5,6,5,5,6,6,5,6,5,5,5,6,4,5,6,7,6,6,6,6,6,6,6,5,6,5,6,6,6,6,6,6,5,6,5,6,6,7,6,6,6,6,6,7,6,5,6,7,6,5,6,7,6,5,6,7,1,1995,5,2,1,380
298,745,5,6,1,0,1,0,4,1,1,1,1,0,0,2,1,0,0,0,0,0,1,1,1,0,0,0,7,7,7,7,7,5,4,2,4,4,7,7,7,7,4,4,4,4,7,7,7,4,2,4,4,7,7,7,7,7,7,7,7,7,7,5,5,5,5,3,4,3,4,4,4,4,4,1,3,3,3,1,1,1,1,1,5,1,1,1,2,1,1,7,7,6,6,6,6,2,1994,5,2,1,304
299,316,5,6,1,0,1,0,1,0,0,1,1,1,0,1,0,0,0,1,0,0,1,0,0,0,0,0,4,7,7,7,7,7,1,4,7,7,7,7,7,7,7,7,7,7,7,5,6,7,7,7,7,7,7,7,7,7,7,7,7,7,7,7,7,7,7,7,7,7,7,7,7,7,7,7,7,7,7,1,1,1,1,1,1,1,1,1,1,1,1,7,7,7,7,7,7,2,1994,5,2,1,385
300,240,5,5,0,0,1,0,5,0,0,1,0,0,0,2,0,0,1,0,0,0,0,0,0,0,0,0,6,4,7,7,7,5,6,5,5,6,7,7,7,6,6,6,6,7,6,7,6,6,7,6,7,6,7,7,7,6,6,6,6,6,6,6,6,6,7,7,6,6,7,7,7,7,7,6,7,7,7,7,7,7,7,7,6,5,5,4,4,4,4,6,6,7,6,7,7,2,1994,5,2,1,420
301,403,3,2,0,0,1,0,4,0,1,0,1,0,0,2,0,0,0,0,0,0,0,1,0,0,0,0,3,2,5,5,5,6,6,5,5,5,6,5,6,6,5,6,5,6,6,6,6,6,6,6,6,6,6,5,5,6,6,7,6,6,7,6,6,6,7,7,7,6,6,6,6,6,6,6,6,5,5,6,6,6,6,5,6,6,5,6,6,6,6,6,6,6,5,5,5,1,1994,5,2,1,389
302,372,4,4,1,0,1,0,1,1,0,0,0,1,0,2,0,0,0,0,0,0,0,1,1,0,0,0,2,2,7,7,7,6,5,3,6,6,5,5,5,4,5,4,4,2,5,4,3,4,4,4,4,7,4,3,4,3,4,3,4,3,3,4,5,4,3,1,5,5,4,4,4,4,4,4,6,6,6,4,4,4,4,4,5,5,4,4,3,3,3,5,4,5,5,4,4,2,1991,5,2,1,290
303,390,5,5,1,0,1,0,1,0,0,0,1,0,0,2,0,0,0,0,0,0,1,0,0,0,0,0,3,2,4,6,5,5,5,6,5,5,7,7,6,6,4,5,5,5,6,5,6,3,4,3,3,3,4,6,4,5,6,5,7,6,6,7,5,5,6,5,6,6,5,6,5,5,5,4,5,5,5,1,2,3,3,4,3,1,2,3,3,3,3,5,5,5,6,5,6,2,1991,4,10,1,316
304,1586,4,5,1,0,1,0,4,0,0,1,1,0,0,3,0,0,0,1,0,0,1,0,1,0,0,0,2,2,5,2,6,1,5,1,5,4,5,2,3,2,2,3,3,2,2,3,4,5,4,5,6,4,5,7,4,4,3,1,4,5,4,5,3,4,4,3,2,3,3,2,4,3,2,3,2,2,3,1,1,1,1,1,1,1,1,1,1,1,1,3,4,3,4,5,3,1,1992,5,2,1,203
305,312,4,2,1,0,0,0,2,0,1,0,0,0,0,2,0,0,0,0,0,0,0,1,0,0,0,0,4,2,3,2,3,3,5,3,4,3,4,4,4,4,5,4,6,5,4,5,4,4,5,4,4,5,4,4,4,4,4,4,4,4,5,4,4,5,4,4,4,5,4,5,4,4,5,4,5,4,5,4,5,3,6,4,5,4,5,5,4,4,4,5,5,4,4,5,4,2,1991,5,2,1,284
